Brand,percent_change,prev_month,current_month,prev_month_order,current_month_order,other_year_change,avg_monthly_orders
12|12,0.6,2022/08,2022/09,241.0,386.0,-0.03,370.0
12|12,0.53,2022/12,2023/01,206.0,315.0,1.3,370.0
12|12,0.62,2023/03,2023/04,277.0,449.0,0.04,370.0
12|12,1.22,2023/07,2023/08,232.0,515.0,0.09,370.0
12|12,0.51,2023/12,2024/01,333.0,504.0,-0.05,370.0
21Seeds Tequila,1.06,2022/03,2022/04,106.0,218.0,0.19,80.0
21Seeds Tequila,-0.74,2023/02,2023/03,81.0,21.0,0.08,80.0
21Seeds Tequila,1.87,2023/06,2023/07,15.0,43.0,-0.01,80.0
21Seeds Tequila,0.52,2023/09,2023/10,21.0,32.0,-0.15,80.0
21Seeds Tequila,,2024/01,2024/02,9.0,,,80.0
A Kids Co.,1.26,2022/02,2022/03,1956.0,4428.0,2.12,1772.0
A Kids Co.,,2022/09,2022/10,1038.0,,,1772.0
A Kids Co.,2.12,2023/02,2023/03,1745.0,5439.0,1.26,1772.0
AAVRANI,0.76,2022/08,2022/09,749.0,1319.0,-0.04,731.0
AAVRANI,-0.67,2024/01,2024/02,764.0,249.0,0.18,731.0
AAVRANI,-0.77,2024/02,2024/03,249.0,58.0,0.88,731.0
Admire My Skin,0.61,2023/12,2024/01,144.0,232.0,3.33,432.0
Airsign,,2024/02,2024/03,15.0,,,98.0
Alchemy Fine Home,-0.56,2022/04,2022/05,393.0,172.0,0.78,196.0
Alchemy Fine Home,-0.73,2022/09,2022/10,232.0,63.0,0.73,196.0
Alchemy Fine Home,0.78,2023/04,2023/05,138.0,246.0,-0.56,196.0
Alchemy Fine Home,0.73,2023/09,2023/10,100.0,173.0,-0.73,196.0
ALKAGLAM,3.21,2022/08,2022/09,19.0,80.0,,8.0
ALKAGLAM,-0.76,2022/09,2022/10,80.0,19.0,,8.0
ALKAGLAM,,2023/08,2023/09,1.0,,,8.0
ALKAGLAM,,2023/12,2024/01,2.0,,,8.0
ALKAGLAM,,2024/02,2024/03,1.0,,,8.0
Alkavida,,2022/01,2022/02,3.0,,,3.0
Alkavida,,2022/12,2023/01,3.0,,,3.0
allyoos,-0.53,2022/01,2022/02,30.0,14.0,0.43,68.0
allyoos,1.11,2023/06,2023/07,76.0,160.0,0.48,68.0
Alpha-H,,2022/02,2022/03,1.0,,,88.0
Alpha-H,,2022/05,2022/06,4.0,,,88.0
Alpha-H,-0.72,2024/01,2024/02,406.0,114.0,,88.0
Alpha-H,,2024/02,2024/03,114.0,,,88.0
Alpyn Beauty,1.13,2022/09,2022/10,860.0,1831.0,0.18,1107.0
Altitude Functional Beverages,1.05,2022/09,2022/10,20.0,41.0,-0.4,31.0
Altitude Functional Beverages,0.76,2022/12,2023/01,25.0,44.0,0.08,31.0
Amazi Foods,-0.63,2023/04,2023/05,52.0,19.0,0.0,32.0
Amazi Foods,0.79,2024/01,2024/02,19.0,34.0,-0.07,32.0
Ami Colé,1.27,2022/06,2022/07,702.0,1593.0,-0.26,1188.0
Andie,0.81,2022/02,2022/03,11393.0,20656.0,0.24,15469.0
Ansea,,2024/02,2024/03,2.0,,,10.0
Anyday,1.47,2022/02,2022/03,1064.0,2631.0,0.02,3080.0
Arber,1.71,2022/01,2022/02,145.0,393.0,-0.09,482.0
Arber,0.87,2022/02,2022/03,393.0,736.0,-0.03,482.0
Arber,1.22,2023/12,2024/01,129.0,286.0,2.75,482.0
Arber,1.24,2024/02,2024/03,338.0,758.0,-0.03,482.0
Aria Beauty,1.14,2023/02,2023/03,134.0,287.0,-0.14,96.0
Aria Beauty,-0.76,2023/06,2023/07,255.0,60.0,-0.25,96.0
ARMRA Colostrum™,,2024/01,2024/02,41630.0,,,42186.0
Ashlen,0.85,2023/02,2023/03,5662.0,10467.0,-0.13,12921.0
Ashlen,0.59,2023/03,2023/04,10467.0,16644.0,0.07,12921.0
Ashlen,-0.63,2024/01,2024/02,20982.0,7744.0,-0.03,12921.0
Aura Bora,1.39,2022/03,2022/04,2074.0,4955.0,0.06,3080.0
Baby Delight,,2022/06,2022/07,17550.0,,,1538.0
Baby Delight,1.69,2022/09,2022/10,228.0,614.0,-0.04,1538.0
Baby K'tan,0.53,2024/01,2024/02,252.0,386.0,-0.17,617.0
Bandier,-0.63,2022/05,2022/06,12534.0,4586.0,-0.1,6621.0
Bandier,0.98,2023/02,2023/03,6079.0,12038.0,0.34,6621.0
Bang Cookies,,2024/02,2024/03,5908.0,,,12216.0
Banza,1.13,2022/01,2022/02,592.0,1260.0,-0.21,296.0
Banza,-0.58,2022/02,2022/03,1260.0,524.0,0.12,296.0
Banza,0.79,2023/06,2023/07,128.0,229.0,0.23,296.0
Banza,2.02,2023/08,2023/09,142.0,429.0,-0.38,296.0
Banza,,2024/01,2024/02,127.0,,,296.0
BASIK CANDLE CO,1.63,2022/03,2022/04,68.0,179.0,4.12,96.0
BASIK CANDLE CO,4.12,2023/03,2023/04,69.0,353.0,1.63,96.0
Bask Suncare,1.96,2022/01,2022/02,239.0,708.0,1.03,789.0
Bask Suncare,-0.66,2022/03,2022/04,710.0,241.0,1.16,789.0
Bask Suncare,4.53,2022/04,2022/05,241.0,1333.0,0.63,789.0
Bask Suncare,0.66,2022/12,2023/01,88.0,146.0,1.72,789.0
Bask Suncare,1.03,2023/01,2023/02,146.0,296.0,1.96,789.0
Bask Suncare,1.16,2023/03,2023/04,364.0,786.0,-0.66,789.0
Bask Suncare,0.63,2023/04,2023/05,786.0,1283.0,4.53,789.0
Bask Suncare,0.91,2023/12,2024/01,180.0,343.0,-0.19,789.0
Bask Suncare,2.06,2024/01,2024/02,343.0,1048.0,1.03,789.0
BAZZAAL INC,11.32,2022/01,2022/02,152.0,1872.0,0.18,598.0
BAZZAAL INC,0.82,2022/05,2022/06,593.0,1078.0,,598.0
BAZZAAL INC,-0.8,2022/06,2022/07,1078.0,216.0,,598.0
BAZZAAL INC,-0.65,2022/09,2022/10,222.0,77.0,0.24,598.0
BAZZAAL INC,,2023/04,2023/05,1.0,,,598.0
BAZZAAL INC,7.28,2023/08,2023/09,121.0,1002.0,0.4,598.0
BAZZAAL INC,-0.65,2024/01,2024/02,671.0,237.0,0.18,598.0
Beachwaver,0.6,2022/09,2022/10,28821.0,46175.0,-0.37,75942.0
Beachwaver,2.36,2023/07,2023/08,39316.0,132018.0,-0.32,75942.0
beam,-0.95,2024/02,2024/03,25820.0,1231.0,0.08,16298.0
Bear Balanced,-0.62,2022/09,2022/10,1166.0,442.0,,640.0
Bear Balanced,,2022/12,2023/01,45.0,,,640.0
Bear Balanced,,2023/02,2023/03,1.0,,,640.0
Bear Balanced,5.92,2023/04,2023/05,129.0,893.0,0.42,640.0
Bear Balanced,-0.59,2023/06,2023/07,856.0,351.0,0.2,640.0
Bear Balanced,,2023/09,2023/10,535.0,,,640.0
Bear Balanced,-0.75,2023/12,2024/01,425.0,106.0,,640.0
Bear Balanced,,2024/01,2024/02,106.0,,,640.0
Beekman 1802,0.57,2023/04,2023/05,16219.0,25464.0,0.06,19502.0
Beginning Boutique,0.84,2023/12,2024/01,6545.0,12028.0,-0.37,7562.0
Beginningboutique,,2022/03,2022/04,4.0,,,14.0
Beginningboutique,-0.76,2023/01,2023/02,46.0,11.0,,14.0
Beginningboutique,,2023/03,2023/04,31.0,,,14.0
Beginningboutique,,2023/08,2023/09,1.0,,,14.0
Beginningboutique,,2023/12,2024/01,1.0,,,14.0
BEHAVE,3.33,2023/08,2023/09,72.0,312.0,-0.33,188.0
BelliWelli,0.87,2023/04,2023/05,1559.0,2917.0,0.1,2250.0
BelliWelli,1.27,2024/02,2024/03,707.0,1606.0,0.0,2250.0
Bellway,0.63,2022/12,2023/01,292.0,477.0,1.71,434.0
Bellway,,2024/01,2024/02,176.0,,,434.0
Better & Better,7.83,2022/04,2022/05,29.0,256.0,0.28,453.0
Better Basics,0.84,2022/02,2022/03,75.0,138.0,0.23,81.0
Better Basics,1.13,2022/06,2022/07,61.0,130.0,0.51,81.0
Better Basics,0.51,2023/06,2023/07,63.0,95.0,1.13,81.0
Better Basics,-0.68,2024/01,2024/02,65.0,21.0,0.05,81.0
Better Basics,0.76,2024/02,2024/03,21.0,37.0,0.23,81.0
BEVVO Blender,,2022/09,2022/10,6.0,,,4.0
BEVVO Blender,,2023/03,2023/04,1.0,,,4.0
BEVVO Blender,,2023/09,2023/10,1.0,,,4.0
BEVVO Blender,,2024/02,2024/03,1.0,,,4.0
Billion Dollar Beauty,0.98,2022/04,2022/05,201.0,398.0,0.08,507.0
Billion Dollar Beauty,0.51,2023/01,2023/02,300.0,453.0,-0.01,507.0
Billion Dollar Beauty,1.01,2023/06,2023/07,603.0,1213.0,0.21,507.0
Billion Dollar Beauty,-0.51,2023/07,2023/08,1213.0,589.0,-0.01,507.0
Billy Reid,-0.56,2022/01,2022/02,7036.0,3095.0,-0.01,4970.0
biom,1.3,2022/03,2022/04,293.0,675.0,0.21,1653.0
biom,0.94,2022/04,2022/05,675.0,1309.0,-0.07,1653.0
BiSaddle,-0.52,2022/12,2023/01,109.0,52.0,0.43,212.0
BiSaddle,1.38,2023/01,2023/02,52.0,124.0,0.41,212.0
BiSaddle,1.79,2023/04,2023/05,82.0,229.0,0.16,212.0
BiSaddle,0.78,2023/06,2023/07,148.0,263.0,-0.03,212.0
BiSaddle,0.56,2023/12,2024/01,192.0,300.0,-0.73,212.0
BiSaddle,0.58,2024/01,2024/02,300.0,474.0,1.38,212.0
Black Wolf Nation,0.64,2022/05,2022/06,7626.0,12542.0,-0.15,11497.0
Black Wolf Nation,0.54,2023/02,2023/03,15245.0,23551.0,-0.08,11497.0
Black Wolf Nation,-0.66,2023/12,2024/01,6909.0,2318.0,1.36,11497.0
Black Wolf Nation,0.77,2024/01,2024/02,2318.0,4098.0,-0.07,11497.0
Blessed Be Magick,0.8,2022/04,2022/05,247.0,445.0,0.28,553.0
Block Set Project,,2022/02,2022/03,2.0,,,11.0
Block Set Project,,2022/05,2022/06,2.0,,,11.0
Block Set Project,,2022/07,2022/08,1.0,,,11.0
Block Set Project,,2022/09,2022/10,2.0,,,11.0
Block Set Project,2.7,2023/06,2023/07,10.0,37.0,,11.0
Block Set Project,-0.65,2023/07,2023/08,37.0,13.0,,11.0
Block Set Project,0.54,2023/08,2023/09,13.0,20.0,,11.0
Block Set Project,0.55,2023/09,2023/10,20.0,31.0,,11.0
Blossom,4.4,2022/04,2022/05,15.0,81.0,0.63,394.0
Blossom,3.74,2022/05,2022/06,81.0,384.0,-0.03,394.0
Blossom,-0.74,2022/12,2023/01,493.0,129.0,,394.0
Blossom,1.99,2023/03,2023/04,124.0,371.0,,394.0
Blossom,0.63,2023/04,2023/05,371.0,603.0,4.4,394.0
Bluesmiths,0.9,2022/02,2022/03,87.0,165.0,3.28,177.0
Bluesmiths,0.6,2022/05,2022/06,181.0,290.0,-0.03,177.0
Bluesmiths,-0.83,2022/12,2023/01,70.0,12.0,0.33,177.0
Bluesmiths,2.25,2023/01,2023/02,12.0,39.0,-0.06,177.0
Bluesmiths,3.28,2023/02,2023/03,39.0,167.0,0.9,177.0
Bluesmiths,0.55,2023/04,2023/05,227.0,352.0,0.04,177.0
Bobbie,-0.54,2024/01,2024/02,54276.0,25151.0,-0.0,46135.0
Bobbie,,2024/02,2024/03,25151.0,,,46135.0
Bokksu Market,0.84,2022/02,2022/03,2102.0,3867.0,1.91,3746.0
Bokksu Market,0.79,2022/09,2022/10,1143.0,2047.0,0.05,3746.0
Bokksu Market,1.91,2023/02,2023/03,548.0,1597.0,0.84,3746.0
Bokksu Market,0.7,2023/04,2023/05,1630.0,2776.0,-0.04,3746.0
Bokksu Market,1.0,2023/05,2023/06,2776.0,5556.0,0.06,3746.0
bonbuz,5.62,2022/06,2022/07,55.0,364.0,4.1,151.0
bonbuz,1.14,2022/09,2022/10,106.0,227.0,-0.25,151.0
bonbuz,4.1,2023/06,2023/07,89.0,454.0,5.62,151.0
Botanical Bones,0.58,2022/01,2022/02,69.0,109.0,0.07,115.0
Botanical Bones,0.59,2022/07,2022/08,86.0,137.0,-0.18,115.0
Botanical Bones,3.34,2023/09,2023/10,32.0,139.0,0.08,115.0
Bowlcut,1.68,2022/03,2022/04,28.0,75.0,0.6,61.0
Bowlcut,0.97,2022/04,2022/05,75.0,148.0,2.03,61.0
Bowlcut,0.6,2023/03,2023/04,62.0,99.0,1.68,61.0
Bowlcut,2.03,2023/04,2023/05,99.0,300.0,0.97,61.0
Bowlcut,-0.66,2023/06,2023/07,71.0,24.0,-0.11,61.0
Bridge & Burn,0.76,2023/02,2023/03,545.0,960.0,0.23,1045.0
Bridge & Burn,1.12,2023/04,2023/05,719.0,1521.0,0.37,1045.0
Brutal Buddha,1.05,2022/02,2022/03,22.0,45.0,-0.35,52.0
Brutal Buddha,-0.51,2022/03,2022/04,45.0,22.0,0.54,52.0
Brutal Buddha,8.75,2022/08,2022/09,28.0,273.0,0.07,52.0
Brutal Buddha,0.54,2023/03,2023/04,13.0,20.0,-0.51,52.0
Buffbunny Collection,0.54,2022/03,2022/04,13390.0,20614.0,-0.39,18199.0
Buffbunny Collection,0.8,2022/09,2022/10,9297.0,16763.0,0.15,18199.0
Buffbunny Collection,0.57,2023/02,2023/03,16414.0,25757.0,-0.23,18199.0
Buffbunny Collection,0.54,2023/12,2024/01,10177.0,15640.0,1.11,18199.0
Bulletprufe,0.75,2023/08,2023/09,199.0,349.0,0.18,466.0
Bulletprufe,0.61,2023/09,2023/10,349.0,563.0,-0.22,466.0
Bushwick Kitchen,1.48,2022/05,2022/06,222.0,550.0,-0.15,210.0
Bushwick Kitchen,-0.58,2022/06,2022/07,550.0,229.0,0.4,210.0
Bushwick Kitchen,-0.73,2022/12,2023/01,327.0,88.0,0.09,210.0
ByHeart,54.1,2022/02,2022/03,21.0,1157.0,,4744.0
ByHeart,3.53,2022/03,2022/04,1157.0,5242.0,,4744.0
ByHeart,2.45,2022/04,2022/05,5242.0,18091.0,0.83,4744.0
ByHeart,,2023/02,2023/03,6.0,,,4744.0
ByHeart,0.83,2023/04,2023/05,35.0,64.0,2.45,4744.0
ByHeart,16.92,2023/08,2023/09,25.0,448.0,-0.11,4744.0
ByHeart,10.3,2023/09,2023/10,448.0,5064.0,-0.07,4744.0
Caddis Eye Appliances,,2022/02,2022/03,5967.0,,,8252.0
Caddis Eye Appliances,0.54,2023/04,2023/05,8512.0,13126.0,,8252.0
Caddis Eye Appliances,-0.89,2023/12,2024/01,11268.0,1206.0,-0.08,8252.0
Caddis Eye Appliances,,2024/01,2024/02,1206.0,,,8252.0
Caden Lane,,2022/04,2022/05,37335.0,,,66300.0
Cali's Books,0.75,2022/01,2022/02,431.0,755.0,0.22,1078.0
Cali's Books,0.88,2022/09,2022/10,608.0,1141.0,0.01,1078.0
Cali's Books,0.52,2023/04,2023/05,618.0,937.0,-0.03,1078.0
Cali's Books,0.65,2023/08,2023/09,919.0,1520.0,0.05,1078.0
California Arts,-0.57,2022/06,2022/07,63.0,27.0,0.23,507.0
California Arts,1.63,2022/07,2022/08,27.0,71.0,0.12,507.0
California Arts,3.42,2022/08,2022/09,71.0,314.0,0.75,507.0
California Arts,0.75,2023/08,2023/09,525.0,920.0,3.42,507.0
Calin,,2022/02,2022/03,4.0,,,3.0
Calin,,2022/12,2023/01,3.0,,,3.0
Calin,,2023/07,2023/08,2.0,,,3.0
Calypso St. Barth,,2022/09,2022/10,2.0,,,18.0
Calypso St. Barth,0.65,2023/05,2023/06,17.0,28.0,-0.17,18.0
CampNYC,0.6,2022/04,2022/05,7974.0,12737.0,-0.26,32681.0
CampNYC,1.23,2022/05,2022/06,12737.0,28376.0,0.37,32681.0
CampNYC,0.63,2023/02,2023/03,32878.0,53523.0,-0.34,32681.0
Canary,0.88,2023/06,2023/07,43.0,81.0,,77.0
Canary,,2024/01,2024/02,166.0,,,77.0
Captain Blankenship,-0.6,2022/02,2022/03,295.0,117.0,1.19,252.0
Captain Blankenship,0.8,2022/07,2022/08,88.0,158.0,-0.0,252.0
Captain Blankenship,2.25,2022/12,2023/01,171.0,555.0,0.27,252.0
Captain Blankenship,-0.75,2023/01,2023/02,555.0,139.0,0.36,252.0
Captain Blankenship,1.19,2023/02,2023/03,139.0,305.0,-0.6,252.0
Captain Blankenship,0.86,2023/08,2023/09,232.0,432.0,0.03,252.0
Captain Blankenship,-0.66,2023/09,2023/10,432.0,149.0,0.38,252.0
Carbon38,0.61,2023/08,2023/09,6495.0,10479.0,0.07,8112.0
Cariuma Staging,,2022/08,2022/09,15.0,,,26.0
Cariuma Staging,-0.9,2022/12,2023/01,145.0,14.0,,26.0
Cariuma Staging,2.57,2023/01,2023/02,14.0,50.0,,26.0
Cariuma Staging,1.45,2023/07,2023/08,11.0,27.0,,26.0
Cariuma Staging,,2024/01,2024/02,9.0,,,26.0
Carve Designs,0.69,2022/01,2022/02,4724.0,8002.0,-0.0,9838.0
Carve Designs,1.18,2022/02,2022/03,8002.0,17448.0,0.49,9838.0
Carve Designs,1.4,2022/12,2023/01,3834.0,9194.0,0.23,9838.0
Character Home,3.58,2022/02,2022/03,36.0,165.0,0.78,152.0
Character Home,-0.79,2022/03,2022/04,165.0,34.0,0.31,152.0
Character Home,1.32,2022/04,2022/05,34.0,79.0,0.74,152.0
Character Home,0.78,2023/02,2023/03,50.0,89.0,3.58,152.0
Character Home,0.74,2023/04,2023/05,117.0,203.0,1.32,152.0
Clean Age,1.33,2022/05,2022/06,15.0,35.0,-0.59,17.0
Clean Age,-0.59,2023/05,2023/06,29.0,12.0,1.33,17.0
Clean Age,,2024/01,2024/02,1.0,,,17.0
Clover by CLOVE + HALLOW,0.53,2022/03,2022/04,17.0,26.0,-0.3,185.0
Clover by CLOVE + HALLOW,0.57,2022/05,2022/06,21.0,33.0,1.1,185.0
Clover by CLOVE + HALLOW,-0.56,2022/08,2022/09,43.0,19.0,0.24,185.0
Clover by CLOVE + HALLOW,1.02,2023/01,2023/02,101.0,204.0,-0.43,185.0
Clover by CLOVE + HALLOW,1.1,2023/05,2023/06,163.0,342.0,0.57,185.0
Clutch Nails,0.93,2022/06,2022/07,546.0,1052.0,0.18,394.0
Coast Smokes,-0.59,2022/08,2022/09,39.0,16.0,0.04,68.0
Coast Smokes,-0.7,2022/12,2023/01,40.0,12.0,,68.0
Coast Smokes,1.33,2023/02,2023/03,12.0,28.0,,68.0
Coast Smokes,0.71,2023/03,2023/04,28.0,48.0,,68.0
Coffee Bros.,1.95,2022/04,2022/05,39.0,115.0,0.28,692.0
Coffee Bros.,0.79,2022/08,2022/09,154.0,276.0,0.08,692.0
Comeback Vinyl,,2023/01,2023/02,22.0,,,1692.0
Comeback Vinyl,-0.79,2023/03,2023/04,9223.0,1961.0,,1692.0
Common Era Jewelry,0.78,2022/08,2022/09,91.0,162.0,0.11,190.0
Conscia,2.65,2022/03,2022/04,37.0,135.0,1.36,97.0
Conscia,0.54,2022/04,2022/05,135.0,208.0,-0.58,97.0
Conscia,1.36,2023/03,2023/04,50.0,118.0,2.65,97.0
Conscia,-0.58,2023/04,2023/05,118.0,50.0,0.54,97.0
Conscia,2.36,2023/06,2023/07,36.0,121.0,0.12,97.0
Consciously Baby,1.9,2023/02,2023/03,329.0,953.0,0.27,561.0
Coromega,0.64,2023/02,2023/03,146.0,240.0,-0.12,262.0
Coromega,0.57,2023/03,2023/04,240.0,376.0,-0.1,262.0
Corpus Naturals,-0.8,2024/02,2024/03,1022.0,209.0,0.11,1403.0
Coterie,2.93,2022/06,2022/07,11181.0,43918.0,0.03,69979.0
Coterie Staging,,2022/01,2022/02,262.0,,,270.0
Coterie Staging,-0.84,2024/01,2024/02,255.0,41.0,,270.0
CoverFX,0.65,2022/03,2022/04,1135.0,1875.0,-0.29,2515.0
CoverFX,1.95,2023/07,2023/08,418.0,1233.0,-0.41,2515.0
CoverFX,1.07,2023/12,2024/01,2243.0,4652.0,-0.59,2515.0
CoverFX,1.78,2024/01,2024/02,4652.0,12928.0,-0.11,2515.0
Covey Skincare,1.41,2023/02,2023/03,573.0,1380.0,0.3,836.0
Covey Skincare,-0.98,2024/01,2024/02,969.0,19.0,-0.07,836.0
Covey Skincare,,2024/02,2024/03,19.0,,,836.0
Cozy Earth,,2023/02,2023/03,20128.0,,,35501.0
Cradlewise,1.24,2022/05,2022/06,38.0,85.0,-0.16,486.0
Cradlewise,0.85,2022/06,2022/07,85.0,157.0,0.32,486.0
Cradlewise,0.75,2022/12,2023/01,227.0,397.0,,486.0
Cradlewise,0.66,2023/02,2023/03,541.0,900.0,,486.0
Create,1.0,2022/12,2023/01,605.0,1208.0,,5383.0
Create,0.92,2023/01,2023/02,1208.0,2319.0,,5383.0
Cure,,2022/02,2022/03,1620.0,,,3278.0
Cure,0.69,2022/07,2022/08,1932.0,3266.0,-0.13,3278.0
Cure,-0.65,2024/01,2024/02,4489.0,1592.0,0.12,3278.0
Cure,,2024/02,2024/03,1592.0,,,3278.0
Curie,14.38,2022/02,2022/03,651.0,10010.0,0.75,10364.0
Curie,-0.61,2022/03,2022/04,10010.0,3940.0,0.19,10364.0
Curie,1.36,2022/12,2023/01,2446.0,5783.0,-0.7,10364.0
Curie,0.75,2023/02,2023/03,7599.0,13336.0,14.38,10364.0
Cuts Clothing,1.41,2022/07,2022/08,28097.0,67744.0,2.56,32961.0
Cuts Clothing,-0.55,2023/01,2023/02,44032.0,20019.0,0.03,32961.0
Cuts Clothing,2.56,2023/07,2023/08,17390.0,61907.0,1.41,32961.0
Cuts Clothing,0.66,2024/02,2024/03,13990.0,23227.0,0.11,32961.0
D.S. & Durga,0.94,2022/07,2022/08,2830.0,5493.0,-0.28,4742.0
D.S. & Durga,0.57,2023/06,2023/07,4221.0,6648.0,-0.06,4742.0
D'Amazonia,-0.93,2022/01,2022/02,208.0,15.0,-0.24,41.0
D'Amazonia,13.13,2022/02,2022/03,15.0,212.0,-0.15,41.0
D'Amazonia,-0.9,2022/04,2022/05,175.0,17.0,0.31,41.0
D'Amazonia,2.0,2022/05,2022/06,17.0,51.0,-0.24,41.0
D'Amazonia,1.63,2022/07,2022/08,43.0,113.0,-0.29,41.0
Dagne Dover,0.57,2024/02,2024/03,11234.0,17684.0,0.02,20303.0
Dakine,-0.54,2024/02,2024/03,1635.0,756.0,0.04,5129.0
Dannijo,4.97,2022/03,2022/04,565.0,3374.0,0.29,538.0
Dannijo,-0.65,2022/04,2022/05,3374.0,1178.0,0.09,538.0
Day One,7.76,2022/02,2022/03,38.0,333.0,0.33,281.0
Day One,0.8,2022/04,2022/05,128.0,231.0,-0.1,281.0
Day One,0.57,2022/12,2023/01,253.0,396.0,-0.86,281.0
Day One,,2024/02,2024/03,153.0,,,281.0
Decem,0.78,2022/08,2022/09,32.0,57.0,-0.73,34.0
Decem,-0.84,2023/01,2023/02,69.0,11.0,,34.0
Decem,0.69,2023/04,2023/05,13.0,22.0,0.08,34.0
Decem,-0.73,2023/08,2023/09,44.0,12.0,0.78,34.0
Degs & Sal,0.6,2022/05,2022/06,400.0,639.0,-0.65,422.0
Degs & Sal,1.3,2022/07,2022/08,523.0,1205.0,0.1,422.0
Degs & Sal,-0.72,2022/08,2022/09,1205.0,340.0,-0.12,422.0
Degs & Sal,-0.66,2022/12,2023/01,708.0,239.0,0.05,422.0
Degs & Sal,0.7,2023/01,2023/02,239.0,407.0,-0.5,422.0
Degs & Sal,-0.75,2023/02,2023/03,407.0,100.0,-0.05,422.0
Degs & Sal,1.05,2023/03,2023/04,100.0,205.0,0.38,422.0
Degs & Sal,-0.65,2023/05,2023/06,212.0,75.0,0.6,422.0
Degs & Sal,1.79,2023/06,2023/07,75.0,209.0,-0.18,422.0
Degs & Sal,,2024/01,2024/02,233.0,,,422.0
DEUX,0.69,2022/02,2022/03,2920.0,4947.0,-0.1,3869.0
DEV-Avocado Green Mattress,,2023/01,2023/02,1.0,,,3.0
DEV-Avocado Green Mattress,,2024/01,2024/02,2.0,,,3.0
Dieux Skin,0.61,2022/01,2022/02,7382.0,11889.0,0.04,11896.0
Dieux Skin,0.65,2022/03,2022/04,6546.0,10823.0,-0.05,11896.0
Dieux Skin,-0.62,2024/01,2024/02,13521.0,5145.0,0.04,11896.0
Dieux Skin,1.47,2024/02,2024/03,5145.0,12706.0,0.01,11896.0
digitalKENTE Shop,,2023/09,2023/10,15.0,,,8.0
Dirty Labs,1.38,2022/02,2022/03,1065.0,2538.0,0.15,5832.0
Divi,-0.53,2022/02,2022/03,40713.0,18964.0,0.06,29219.0
Divi,1.78,2022/03,2022/04,18964.0,52747.0,0.01,29219.0
Divi,0.75,2022/07,2022/08,25662.0,44919.0,-0.24,29219.0
Divi,1.35,2023/12,2024/01,16206.0,38035.0,0.77,29219.0
DNS Wear,0.62,2022/07,2022/08,13.0,21.0,-0.33,19.0
DNS Wear,0.64,2023/06,2023/07,11.0,18.0,-0.07,19.0
DNS Wear,,2024/02,2024/03,18.0,,,19.0
Doggy Do Good,1.62,2023/04,2023/05,241.0,631.0,0.01,658.0
Doggy Do Good,,2024/01,2024/02,548.0,,,658.0
Dollar Shave Club,,2022/12,2023/01,1.0,,,423013.0
Dollar Shave Club,0.95,2023/05,2023/06,341527.0,667345.0,,423013.0
Dooloop,1.07,2022/07,2022/08,43.0,89.0,1.74,57.0
Dooloop,-0.7,2022/09,2022/10,89.0,27.0,0.3,57.0
Dooloop,-0.87,2022/12,2023/01,150.0,20.0,,57.0
Dooloop,2.48,2023/02,2023/03,27.0,94.0,0.36,57.0
Dooloop,-0.77,2023/03,2023/04,94.0,22.0,-0.16,57.0
Dooloop,1.74,2023/07,2023/08,23.0,63.0,1.07,57.0
Doré,,2022/03,2022/04,319.0,,,424.0
Doré,4.16,2022/06,2022/07,191.0,985.0,0.18,424.0
Doré,-0.61,2022/07,2022/08,985.0,381.0,0.51,424.0
Doré,0.54,2023/02,2023/03,300.0,462.0,,424.0
Doré,0.51,2023/07,2023/08,331.0,500.0,-0.61,424.0
doublesoul,-0.77,2022/01,2022/02,648.0,151.0,0.12,1356.0
doublesoul,3.35,2022/05,2022/06,116.0,505.0,-0.17,1356.0
doublesoul,1.27,2022/08,2022/09,281.0,638.0,-0.45,1356.0
Dr Sari's Lunar Sync,1.68,2023/02,2023/03,28.0,75.0,,40.0
Dr Sari's Lunar Sync,-0.61,2023/03,2023/04,75.0,29.0,,40.0
Dr Sari's Lunar Sync,0.76,2023/04,2023/05,29.0,51.0,,40.0
Dr Sari's Lunar Sync,0.69,2023/12,2024/01,26.0,44.0,-0.19,40.0
Dr. Squatch,,2022/03,2022/04,1.0,,,228282.0
Dr. Squatch,1.75,2023/01,2023/02,113787.0,312454.0,,228282.0
Dreamland Baby,0.55,2023/08,2023/09,15184.0,23460.0,0.02,16393.0
DrinkAid,-0.96,2022/02,2022/03,6821.0,293.0,0.07,631.0
DrinkAid,1.11,2022/03,2022/04,293.0,619.0,0.07,631.0
Dryft Sleep,0.87,2022/07,2022/08,47.0,88.0,2.03,124.0
Dryft Sleep,2.03,2023/07,2023/08,62.0,188.0,0.87,124.0
Dryft Sleep,2.99,2024/01,2024/02,87.0,347.0,-0.2,124.0
Duke Cannon Supply Co.,,2023/05,2023/06,12500.0,,,18711.0
East Olivia,0.91,2022/03,2022/04,211.0,402.0,0.27,276.0
East Olivia,0.61,2022/07,2022/08,217.0,350.0,-0.22,276.0
East Olivia,,2024/01,2024/02,1.0,,,276.0
Edge Spray,1.0,2022/04,2022/05,11.0,22.0,0.15,117.0
Edge Spray,1.33,2022/09,2022/10,12.0,28.0,2.3,117.0
Edge Spray,0.68,2023/08,2023/09,22.0,37.0,0.0,117.0
Edge Spray,2.3,2023/09,2023/10,37.0,122.0,1.33,117.0
eeBoo,1.17,2022/02,2022/03,592.0,1282.0,0.26,1104.0
EGG New York,0.82,2022/01,2022/02,1638.0,2973.0,-0.22,2364.0
EGG New York,1.03,2024/02,2024/03,517.0,1052.0,0.31,2364.0
Eight Sleep,-0.54,2024/02,2024/03,2986.0,1368.0,0.24,3993.0
Ekster,0.63,2022/05,2022/06,21831.0,35623.0,,23870.0
Ekster,,2023/05,2023/06,10822.0,,,23870.0
Electric Picks Jewelry,0.68,2022/01,2022/02,3020.0,5068.0,1.9,4573.0
Electric Picks Jewelry,1.9,2023/01,2023/02,2472.0,7159.0,0.68,4573.0
Electric Picks Jewelry,0.83,2024/02,2024/03,2873.0,5246.0,-0.37,4573.0
Elegant Baby,-0.64,2022/08,2022/09,1063.0,379.0,0.11,904.0
Elegant Baby,1.16,2022/09,2022/10,379.0,818.0,0.21,904.0
Elegant Baby,1.14,2023/05,2023/06,450.0,965.0,-0.14,904.0
Element Brooklyn,8.84,2022/02,2022/03,19.0,187.0,0.18,974.0
Element Brooklyn,2.98,2022/03,2022/04,187.0,745.0,-0.02,974.0
Element Brooklyn,-0.67,2022/04,2022/05,745.0,246.0,0.07,974.0
Element Brooklyn,1.35,2022/09,2022/10,244.0,573.0,0.0,974.0
Element Brooklyn,0.76,2022/12,2023/01,531.0,935.0,-0.96,974.0
Element Brooklyn,0.53,2023/06,2023/07,1230.0,1884.0,-0.13,974.0
Element Brooklyn,-0.65,2024/01,2024/02,1915.0,677.0,0.0,974.0
Element Brooklyn,,2024/02,2024/03,677.0,,,974.0
ELVY Lab,1.07,2023/04,2023/05,14.0,29.0,,28.0
ELVY Lab,0.64,2024/01,2024/02,28.0,46.0,-0.39,28.0
ELVY Lab,-0.63,2024/02,2024/03,46.0,17.0,0.11,28.0
embody,1.18,2022/02,2022/03,212.0,463.0,-0.06,253.0
embody,1.26,2023/09,2023/10,170.0,385.0,-0.44,253.0
embody,,2024/01,2024/02,173.0,,,253.0
EMBR Brand,0.63,2022/01,2022/02,363.0,593.0,-0.01,470.0
epi.logic,,2022/09,2022/10,1.0,,,176.0
epi.logic,0.77,2022/12,2023/01,62.0,110.0,,176.0
epi.logic,1.4,2023/01,2023/02,110.0,264.0,,176.0
Esker,0.71,2023/04,2023/05,375.0,643.0,0.16,671.0
esmi Skin Minerals,-0.95,2022/06,2022/07,8074.0,417.0,-0.15,726.0
Estella,-0.57,2024/01,2024/02,549.0,238.0,-0.04,550.0
Estella,,2024/02,2024/03,238.0,,,550.0
ETICA Denim,0.56,2022/01,2022/02,48.0,75.0,0.04,120.0
ETICA Denim,0.65,2022/03,2022/04,81.0,134.0,0.15,120.0
ETICA Denim,0.7,2024/01,2024/02,33.0,56.0,0.04,120.0
ETOILE,1.14,2022/03,2022/04,111.0,238.0,-0.35,378.0
ETOILE,0.96,2022/09,2022/10,255.0,499.0,-0.08,378.0
ettitude,0.63,2022/04,2022/05,2359.0,3856.0,0.03,2926.0
EVER Skincare,,2022/01,2022/02,1.0,,,3606.0
EVER Skincare,,2022/03,2022/04,1.0,,,3606.0
EVER Skincare,,2022/05,2022/06,1.0,,,3606.0
EVER Skincare,2.68,2022/09,2022/10,1948.0,7160.0,0.06,3606.0
Evergreen,0.71,2022/04,2022/05,21.0,36.0,-0.16,96.0
Evergreen,0.88,2023/02,2023/03,128.0,240.0,0.17,96.0
Evergreen,1.38,2023/07,2023/08,109.0,259.0,-0.23,96.0
Evergreen,0.95,2023/12,2024/01,85.0,166.0,0.13,96.0
EXCLUSIVE,,2022/12,2023/01,4.0,,,4.0
EXCLUSIVE,,2023/04,2023/05,2.0,,,4.0
EXCLUSIVE,,2023/06,2023/07,1.0,,,4.0
Explorer Cold Brew,-0.74,2022/12,2023/01,3121.0,799.0,0.94,1480.0
Explorer Cold Brew,1.13,2023/02,2023/03,1018.0,2171.0,0.02,1480.0
Explorer Cold Brew,-0.65,2024/02,2024/03,435.0,153.0,1.13,1480.0
Fahrenheit,2.28,2022/12,2023/01,29.0,95.0,1.62,78.0
Fahrenheit,-0.54,2023/01,2023/02,95.0,44.0,0.24,78.0
Fahrenheit,1.86,2023/02,2023/03,44.0,126.0,0.1,78.0
Fahrenheit,0.96,2023/07,2023/08,57.0,112.0,0.23,78.0
Favour,0.53,2022/02,2022/03,34.0,52.0,-0.1,38.0
Favour,0.69,2022/08,2022/09,42.0,71.0,0.0,38.0
Finn + Emma,0.53,2022/02,2022/03,1483.0,2262.0,-0.08,900.0
Finn + Emma,-0.53,2022/12,2023/01,1180.0,558.0,0.25,900.0
Finn + Emma,0.95,2023/04,2023/05,572.0,1113.0,0.07,900.0
Firebelly Tea,0.71,2022/01,2022/02,101.0,173.0,-0.08,376.0
Firebelly Tea,0.64,2022/05,2022/06,59.0,97.0,-0.28,376.0
Firebelly Tea,,2024/02,2024/03,520.0,,,376.0
Flip Toys,,2024/01,2024/02,1.0,,,4.0
Flying Embers,1.34,2023/02,2023/03,267.0,624.0,-0.02,483.0
Flying Embers,1.14,2024/01,2024/02,277.0,594.0,-0.18,483.0
Food Huggers,1.05,2022/01,2022/02,109.0,223.0,0.18,140.0
Food Huggers,-0.57,2022/04,2022/05,327.0,140.0,0.02,140.0
Food Huggers,1.19,2022/06,2022/07,100.0,219.0,0.68,140.0
Food Huggers,0.68,2023/06,2023/07,65.0,109.0,1.19,140.0
For Days,1.19,2022/07,2022/08,4140.0,9048.0,0.11,13113.0
FRANC,-0.54,2022/02,2022/03,419.0,191.0,0.04,264.0
FRANC,2.1,2022/09,2022/10,218.0,676.0,0.61,264.0
FRANC,0.61,2023/09,2023/10,112.0,180.0,2.1,264.0
FRANC,,2024/02,2024/03,145.0,,,264.0
Fresh Pawz,-0.56,2022/12,2023/01,57.0,25.0,1.51,47.0
Fresh Pawz,0.68,2023/01,2023/02,25.0,42.0,-0.45,47.0
Fresh Pawz,-0.55,2023/07,2023/08,38.0,17.0,0.17,47.0
Fresh Peaches,,2022/03,2022/04,1.0,,,295.0
Fresh Peaches,4.28,2022/05,2022/06,53.0,280.0,-0.83,295.0
Fresh Peaches,-0.83,2023/05,2023/06,341.0,58.0,4.28,295.0
Fresh Peaches,-0.83,2023/06,2023/07,58.0,10.0,0.34,295.0
Fresh Peaches,8.8,2023/07,2023/08,10.0,98.0,0.0,295.0
Fresh Peaches,2.37,2023/08,2023/09,98.0,330.0,-0.11,295.0
Fresh Peaches,1.04,2023/12,2024/01,312.0,637.0,0.32,295.0
Freshwater Supply Co.,,2023/03,2023/04,4.0,,,3.0
Frog Hollow Farm,0.56,2024/01,2024/02,2806.0,4375.0,-0.29,3688.0
Frog Hollow Farm,-0.51,2024/02,2024/03,4375.0,2154.0,0.08,3688.0
Fulton Fish Market,1.23,2022/06,2022/07,493.0,1097.0,-0.98,9236.0
Fulton Fish Market,5.21,2022/07,2022/08,1097.0,6813.0,0.13,9236.0
Fulton Fish Market,-0.77,2022/08,2022/09,6813.0,1579.0,-0.15,9236.0
Fulton Fish Market,-0.63,2022/12,2023/01,7602.0,2833.0,,9236.0
Fulton Fish Market,-0.98,2023/06,2023/07,106206.0,2137.0,1.23,9236.0
Gadget Discovery Club,-0.58,2022/12,2023/01,552.0,230.0,-0.02,562.0
Gadget Discovery Club,,2024/01,2024/02,167.0,,,562.0
Gathre,0.73,2022/04,2022/05,4525.0,7808.0,-0.32,5555.0
Gathre,0.68,2023/03,2023/04,3802.0,6372.0,-0.14,5555.0
Giapenta,1.15,2022/05,2022/06,59.0,127.0,-0.67,90.0
Giapenta,6.78,2022/07,2022/08,36.0,280.0,-0.22,90.0
Giapenta,0.97,2023/04,2023/05,124.0,244.0,-0.19,90.0
Giapenta,-0.67,2023/05,2023/06,244.0,81.0,1.15,90.0
Giften Market,0.68,2022/03,2022/04,521.0,874.0,-0.16,967.0
Giften Market,2.98,2023/04,2023/05,662.0,2633.0,0.04,967.0
Giften Market,-0.8,2023/05,2023/06,2633.0,524.0,-0.17,967.0
Gigantic LLC,0.79,2023/02,2023/03,19.0,34.0,-0.08,123.0
Gigantic LLC,,2023/03,2023/04,34.0,,,123.0
Gigantic LLC,-0.56,2023/06,2023/07,135.0,60.0,0.14,123.0
Glimmer Wish,3.41,2022/08,2022/09,37.0,163.0,-0.25,388.0
Glimmer Wish,,2024/02,2024/03,226.0,,,388.0
Go Craize,1.34,2022/02,2022/03,70.0,164.0,0.75,81.0
Go Craize,0.75,2023/02,2023/03,36.0,63.0,1.34,81.0
GoNanas,0.77,2022/05,2022/06,1822.0,3221.0,-0.17,2423.0
GoNanas,1.03,2023/07,2023/08,1643.0,3341.0,-0.01,2423.0
GoNanas,0.6,2023/12,2024/01,2275.0,3630.0,-0.03,2423.0
good light,2.15,2023/07,2023/08,403.0,1271.0,-0.15,673.0
good light,1.63,2023/12,2024/01,387.0,1019.0,0.67,673.0
Goodlife Clothing,4.83,2022/07,2022/08,3809.0,22223.0,-0.12,4531.0
Goodlife Clothing,,2024/01,2024/02,1089.0,,,4531.0
Goodmylk Co.,-0.86,2024/01,2024/02,247.0,35.0,-0.12,251.0
Goodnest,0.56,2022/04,2022/05,18.0,28.0,-0.1,18.0
Gooselings,0.66,2023/06,2023/07,110.0,183.0,0.1,189.0
gorgias,,2022/09,2022/10,25.0,,,5.0
gorgias,,2023/03,2023/04,1.0,,,5.0
gorgias,,2023/09,2023/10,2.0,,,5.0
gorgias,,2024/01,2024/02,1.0,,,5.0
Grab Green,0.51,2023/07,2023/08,4458.0,6711.0,-0.27,3998.0
Grab Green,,2024/01,2024/02,1231.0,,,3998.0
Gravity Blankets,1.85,2023/01,2023/02,1215.0,3460.0,-0.47,1601.0
Gravity Blankets,-0.5,2023/03,2023/04,2423.0,1200.0,0.02,1601.0
Green Paper Products,3232.5,2022/03,2022/04,14.0,45269.0,0.06,4767.0
Green Paper Products,-0.67,2022/04,2022/05,45269.0,14827.0,0.21,4767.0
Green Paper Products,-0.72,2022/05,2022/06,14827.0,4161.0,-0.06,4767.0
GRIP6,1.22,2022/07,2022/08,5112.0,11346.0,0.72,9427.0
GRIP6,0.91,2023/04,2023/05,6944.0,13241.0,-0.1,9427.0
GRIP6,0.72,2023/07,2023/08,7511.0,12886.0,1.22,9427.0
GRIP6,,2024/01,2024/02,5265.0,,,9427.0
Haand Inc,1.16,2022/03,2022/04,163.0,352.0,-0.43,524.0
Haand Inc,1.96,2022/07,2022/08,294.0,870.0,2.7,524.0
Haand Inc,2.7,2023/07,2023/08,262.0,969.0,1.96,524.0
Halfdays,0.72,2022/08,2022/09,40.0,69.0,0.03,1826.0
Halfdays,10.33,2022/09,2022/10,69.0,782.0,0.98,1826.0
Halfdays,0.98,2023/09,2023/10,511.0,1011.0,10.33,1826.0
Hally Hair,2.15,2022/02,2022/03,461.0,1453.0,0.34,494.0
Hally Hair,-0.62,2023/03,2023/04,180.0,69.0,-0.03,494.0
Hally Hair,-0.61,2023/07,2023/08,96.0,37.0,-0.0,494.0
Hally Hair,1.86,2023/08,2023/09,37.0,106.0,-0.38,494.0
Hally Hair,-0.6,2023/12,2024/01,110.0,44.0,0.66,494.0
Hally Hair,1.98,2024/02,2024/03,57.0,170.0,0.34,494.0
Hammitt,,2024/01,2024/02,3750.0,,,5001.0
happy being,0.75,2022/03,2022/04,332.0,582.0,0.2,720.0
happy being,0.58,2023/12,2024/01,759.0,1202.0,-0.06,720.0
Happy Happy Houseplant,1.34,2022/03,2022/04,2202.0,5143.0,0.23,3698.0
Happy Happy Houseplant,-0.67,2022/04,2022/05,5143.0,1689.0,-0.14,3698.0
Happy Happy Houseplant,0.98,2022/07,2022/08,1635.0,3240.0,0.16,3698.0
Happy Happy Houseplant,0.87,2023/01,2023/02,1847.0,3450.0,-0.05,3698.0
Happy Happy Houseplant,0.81,2023/06,2023/07,2777.0,5033.0,-0.1,3698.0
Happy Happy Houseplant,0.6,2023/12,2024/01,3970.0,6357.0,-0.53,3698.0
Harold Home,0.7,2023/03,2023/04,345.0,587.0,0.13,689.0
Haus of Brilliance,,2022/04,2022/05,1.0,,,11.0
Haus of Brilliance,,2022/12,2023/01,3.0,,,11.0
Haus of Brilliance,-0.67,2023/12,2024/01,55.0,18.0,,11.0
Have Some Fun Today,0.55,2022/04,2022/05,40.0,62.0,-0.3,60.0
Have Some Fun Today,0.77,2023/02,2023/03,31.0,55.0,0.12,60.0
Have Some Fun Today,0.71,2023/07,2023/08,65.0,111.0,0.03,60.0
Have Some Fun Today,0.52,2024/01,2024/02,56.0,85.0,-0.22,60.0
Haven's Kitchen,1.59,2023/07,2023/08,17.0,44.0,-0.45,79.0
Haven's Kitchen,-0.64,2023/08,2023/09,44.0,16.0,-0.11,79.0
Helix Sleep,2.6,2022/04,2022/05,10068.0,36210.0,0.44,11093.0
Helix Sleep,-0.7,2022/05,2022/06,36210.0,10749.0,-0.14,11093.0
Helse,-0.71,2022/01,2022/02,34.0,10.0,0.08,40.0
Helse,1.33,2022/04,2022/05,15.0,35.0,0.82,40.0
Helse,0.82,2023/04,2023/05,11.0,20.0,1.33,40.0
Hexbrush,0.72,2022/03,2022/04,25.0,43.0,,12.0
Hexbrush,,2022/07,2022/08,8.0,,,12.0
Hexbrush,,2023/03,2023/04,1.0,,,12.0
Hexbrush,,2023/08,2023/09,1.0,,,12.0
Highline Wellness,,2024/02,2024/03,762.0,,,3817.0
Hismile,0.55,2023/05,2023/06,146404.0,226536.0,-0.31,89122.0
Hiya Health,-0.51,2024/02,2024/03,185870.0,90913.0,0.18,101058.0
Homesick Candles,0.72,2022/09,2022/10,4569.0,7876.0,0.03,6600.0
Honeydew Intimates,-0.68,2022/02,2022/03,768.0,242.0,0.06,421.0
Honeydew Intimates,1.64,2022/06,2022/07,183.0,483.0,-0.11,421.0
Honeydew Intimates,0.72,2023/08,2023/09,307.0,528.0,-0.02,421.0
Honeydew Intimates,-0.59,2023/09,2023/10,528.0,218.0,0.15,421.0
House of Word Coffee,-0.65,2023/02,2023/03,31.0,11.0,,26.0
Houseplant,-0.92,2022/01,2022/02,3611.0,278.0,0.48,3162.0
Houseplant,3.94,2022/02,2022/03,278.0,1373.0,0.01,3162.0
Houseplant,0.51,2022/03,2022/04,1373.0,2077.0,-0.23,3162.0
Houseplant,-0.5,2022/06,2022/07,2745.0,1369.0,0.57,3162.0
Houseplant,0.57,2023/06,2023/07,1651.0,2588.0,-0.5,3162.0
Houseplant,,2024/01,2024/02,1498.0,,,3162.0
Hummii: Healthy+Yummii Snacks,,2022/02,2022/03,2.0,,,43.0
Hummii: Healthy+Yummii Snacks,,2022/07,2022/08,1.0,,,43.0
HYER GOODS,0.9,2022/02,2022/03,80.0,152.0,0.32,199.0
HYER GOODS,1.0,2022/05,2022/06,90.0,180.0,-0.2,199.0
ieró Beauty™,1.48,2023/05,2023/06,25.0,62.0,,64.0
iHeartRaves,-0.94,2023/12,2024/01,6629.0,407.0,-0.05,11128.0
iHeartRaves,,2024/01,2024/02,407.0,,,11128.0
ILK Company,,2022/07,2022/08,1.0,,,8.0
ILK Company,,2023/02,2023/03,1.0,,,8.0
ILK Company,-0.67,2023/08,2023/09,46.0,15.0,,8.0
ILK Company,,2023/09,2023/10,15.0,,,8.0
ILK Company,,2024/02,2024/03,1.0,,,8.0
iloveplum,1.04,2023/08,2023/09,606.0,1237.0,0.21,894.0
iloveplum,,2024/01,2024/02,255.0,,,894.0
In Common,6.49,2022/01,2022/02,61.0,457.0,,69.0
In Common,-0.72,2022/02,2022/03,457.0,126.0,,69.0
In Common,-0.51,2022/05,2022/06,133.0,65.0,,69.0
In Common,,2023/01,2023/02,17.0,,,69.0
In Common,2.58,2023/07,2023/08,24.0,86.0,-0.32,69.0
Inamorata,0.94,2022/01,2022/02,1168.0,2266.0,-0.29,1478.0
Inamorata,-0.61,2022/08,2022/09,2537.0,991.0,0.25,1478.0
Inamorata,1.82,2022/09,2022/10,991.0,2796.0,-0.69,1478.0
Inamorata,2.99,2023/04,2023/05,620.0,2472.0,0.44,1478.0
Inamorata,-0.69,2023/09,2023/10,501.0,154.0,1.82,1478.0
Inamorata,-0.75,2023/12,2024/01,630.0,159.0,0.09,1478.0
INBLOOM,0.74,2023/07,2023/08,240.0,417.0,-0.08,867.0
INBLOOM,,2024/02,2024/03,184.0,,,867.0
iota,0.65,2023/02,2023/03,358.0,589.0,,1223.0
IVL Collective,0.58,2022/01,2022/02,2165.0,3429.0,-0.52,1483.0
IVL Collective,0.68,2022/03,2022/04,2026.0,3398.0,-0.97,1483.0
IVL Collective,-0.5,2022/05,2022/06,2346.0,1170.0,5.29,1483.0
IVL Collective,1.62,2022/07,2022/08,1003.0,2624.0,-0.01,1483.0
IVL Collective,-0.52,2023/01,2023/02,2250.0,1089.0,0.58,1483.0
IVL Collective,1.11,2023/02,2023/03,1089.0,2303.0,-0.41,1483.0
IVL Collective,-0.97,2023/03,2023/04,2303.0,74.0,0.68,1483.0
IVL Collective,1.03,2023/04,2023/05,74.0,150.0,-0.31,1483.0
IVL Collective,5.29,2023/05,2023/06,150.0,944.0,-0.5,1483.0
IVL Collective,-0.7,2023/12,2024/01,1516.0,453.0,0.48,1483.0
IVL Collective,0.83,2024/01,2024/02,453.0,831.0,-0.52,1483.0
Jenni Kidz,1.27,2022/02,2022/03,26.0,59.0,0.39,70.0
Joanna Vargas Skincare,0.98,2022/02,2022/03,348.0,689.0,0.23,697.0
Joanna Vargas Skincare,0.51,2023/06,2023/07,547.0,825.0,-0.1,697.0
Jolie,0.72,2022/02,2022/03,328.0,564.0,0.19,15658.0
Jolie,0.68,2022/04,2022/05,857.0,1444.0,0.04,15658.0
Jolie,0.77,2022/06,2022/07,957.0,1698.0,0.14,15658.0
Jolie,1.22,2022/07,2022/08,1698.0,3762.0,0.09,15658.0
Jolie,0.58,2022/12,2023/01,9298.0,14719.0,-0.96,15658.0
jot,,2022/02,2022/03,12862.0,,,20363.0
jot,2.3,2022/04,2022/05,7350.0,24267.0,0.01,20363.0
Joydays,2.81,2022/07,2022/08,32.0,122.0,0.24,63.0
Joydays,0.69,2022/12,2023/01,71.0,120.0,,63.0
Joydays,-0.64,2023/12,2024/01,121.0,43.0,-0.01,63.0
Joydays,0.88,2024/02,2024/03,16.0,30.0,0.17,63.0
Joyja,-0.5,2022/05,2022/06,799.0,399.0,0.0,395.0
Joyja,0.52,2022/12,2023/01,217.0,330.0,5.42,395.0
Joyja,0.69,2023/06,2023/07,164.0,277.0,-0.2,395.0
Joyja,-0.57,2023/07,2023/08,277.0,119.0,0.05,395.0
Julep,5.68,2022/02,2022/03,585.0,3905.0,0.17,10735.0
Julep,0.54,2022/03,2022/04,3905.0,6010.0,-0.2,10735.0
Julep,0.63,2022/09,2022/10,8807.0,14320.0,-0.21,10735.0
Julep,0.98,2024/02,2024/03,5279.0,10437.0,0.17,10735.0
Juna,0.5,2023/02,2023/03,882.0,1326.0,-0.04,1235.0
Jungmaven,1.26,2022/02,2022/03,1822.0,4122.0,0.49,3041.0
Just Date,0.93,2022/02,2022/03,122.0,235.0,-0.31,160.0
Just Date,4.43,2022/12,2023/01,223.0,1212.0,-0.26,160.0
Just Date,-0.89,2023/01,2023/02,1212.0,131.0,-0.26,160.0
Just Date,2.29,2023/04,2023/05,85.0,280.0,0.18,160.0
Just Date,-0.72,2023/05,2023/06,280.0,78.0,-0.19,160.0
KA! Empathogenics,1.05,2022/06,2022/07,40.0,82.0,-0.15,298.0
KA! Empathogenics,1.72,2022/08,2022/09,36.0,98.0,0.57,298.0
KA! Empathogenics,2.98,2022/09,2022/10,98.0,390.0,-0.16,298.0
KA! Empathogenics,0.85,2023/04,2023/05,111.0,205.0,0.0,298.0
KA! Empathogenics,2.81,2023/05,2023/06,205.0,782.0,0.21,298.0
KA! Empathogenics,0.57,2023/08,2023/09,315.0,496.0,1.72,298.0
Kara Yoo,0.96,2022/05,2022/06,52.0,102.0,1.81,87.0
Kara Yoo,1.81,2023/05,2023/06,48.0,135.0,0.96,87.0
Kara Yoo,0.57,2024/01,2024/02,124.0,195.0,-0.02,87.0
Karma Nuts,,2023/04,2023/05,65.0,,,111.0
Karma Nuts,3.77,2023/08,2023/09,47.0,224.0,-0.14,111.0
Kate Quinn,0.91,2022/04,2022/05,41839.0,79925.0,-0.13,44126.0
Kinflyte,0.69,2022/01,2022/02,355.0,599.0,-0.05,608.0
KLEVAHEALTH INC.,0.88,2022/08,2022/09,26.0,49.0,-0.25,131.0
Kokopelli,0.52,2024/02,2024/03,80.0,122.0,-0.13,299.0
Konny,-0.9,2024/02,2024/03,2361.0,232.0,-0.16,2669.0
Kopari,0.95,2023/01,2023/02,7397.0,14409.0,-0.01,12551.0
Kopari,0.81,2023/03,2023/04,14432.0,26075.0,-0.11,12551.0
Kopari,1.11,2024/02,2024/03,13548.0,28607.0,0.0,12551.0
Kortni Jeane,0.8,2022/01,2022/02,1204.0,2165.0,0.04,2456.0
Kortni Jeane,2.73,2022/02,2022/03,2165.0,8082.0,-0.0,2456.0
Kortni Jeane,-0.52,2022/03,2022/04,8082.0,3869.0,2.84,2456.0
Kortni Jeane,2.84,2023/03,2023/04,2240.0,8603.0,-0.52,2456.0
Kortni Jeane,-0.73,2023/04,2023/05,8603.0,2343.0,0.09,2456.0
Kortni Jeane,0.77,2023/05,2023/06,2343.0,4158.0,0.08,2456.0
Kortni Jeane,3.79,2023/12,2024/01,388.0,1860.0,4.56,2456.0
Kortni Jeane,-0.53,2024/01,2024/02,1860.0,882.0,0.04,2456.0
Kortni Jeane,0.7,2024/02,2024/03,882.0,1497.0,-0.0,2456.0
KraveBeauty,,2024/01,2024/02,10592.0,,,15193.0
KStore,,2022/06,2022/07,8.0,,,5.0
KStore,,2023/06,2023/07,4.0,,,5.0
KStore,,2024/02,2024/03,4.0,,,5.0
La Porte Swim,,2022/08,2022/09,15.0,,,21.0
La Porte Swim,-0.54,2024/01,2024/02,46.0,21.0,0.69,21.0
Lalabu,0.85,2022/02,2022/03,3939.0,7288.0,0.32,4721.0
Lalabu,0.85,2023/05,2023/06,3755.0,6934.0,0.28,4721.0
Las Jaras Wines,15.57,2022/01,2022/02,152.0,2518.0,17.02,619.0
Las Jaras Wines,2.98,2022/04,2022/05,592.0,2358.0,0.14,619.0
Las Jaras Wines,-0.88,2022/05,2022/06,2358.0,286.0,0.48,619.0
Las Jaras Wines,6.78,2022/07,2022/08,269.0,2092.0,0.21,619.0
Las Jaras Wines,-0.62,2022/09,2022/10,610.0,231.0,0.76,619.0
Las Jaras Wines,17.02,2023/01,2023/02,108.0,1946.0,15.57,619.0
Las Jaras Wines,-0.53,2023/03,2023/04,434.0,202.0,0.13,619.0
Las Jaras Wines,0.76,2023/09,2023/10,147.0,259.0,-0.62,619.0
LATHER Inc.,-0.64,2022/01,2022/02,6440.0,2311.0,-0.05,3474.0
Lauren B. Beauty,0.7,2022/09,2022/10,27.0,46.0,-0.2,22.0
Lauren B. Beauty,-0.52,2023/01,2023/02,21.0,10.0,,22.0
Lauren B. Beauty,1.3,2023/02,2023/03,10.0,23.0,,22.0
Lavinia Lingerie,0.71,2022/03,2022/04,352.0,602.0,-0.03,370.0
Lavinia Lingerie,,2024/02,2024/03,117.0,,,370.0
LAY LO™,0.54,2022/02,2022/03,65.0,100.0,-0.17,70.0
LAY LO™,0.73,2022/07,2022/08,49.0,85.0,-0.27,70.0
LAY LO™,,2024/01,2024/02,59.0,,,70.0
Le Monde Gourmand,1.85,2022/01,2022/02,287.0,817.0,1.28,1060.0
Le Monde Gourmand,1.28,2023/01,2023/02,472.0,1075.0,1.85,1060.0
Le Monde Gourmand,2.18,2023/05,2023/06,869.0,2762.0,0.42,1060.0
Le Monde Gourmand,1.79,2024/01,2024/02,756.0,2112.0,1.28,1060.0
Leeway Home,1.01,2023/07,2023/08,142.0,286.0,0.0,152.0
Lemon Perfect,-0.98,2023/08,2023/09,2086.0,32.0,-0.25,2490.0
Lemon Perfect,35.91,2023/09,2023/10,32.0,1181.0,-0.07,2490.0
LightWater Skin,0.67,2022/05,2022/06,69.0,115.0,-0.21,94.0
LightWater Skin,-0.6,2022/09,2022/10,62.0,25.0,0.12,94.0
LightWater Skin,0.85,2023/04,2023/05,145.0,268.0,,94.0
Lillebaby,0.7,2022/02,2022/03,397.0,676.0,-0.0,660.0
Lillebaby,0.75,2022/06,2022/07,462.0,809.0,0.24,660.0
Lillebaby,0.51,2023/01,2023/02,475.0,718.0,-0.28,660.0
Lillebaby,,2024/02,2024/03,650.0,,,660.0
Lily Jade,0.72,2022/06,2022/07,519.0,895.0,-0.15,650.0
Lily Jade,1.22,2023/02,2023/03,259.0,576.0,0.12,650.0
Lily Jade,0.81,2023/04,2023/05,463.0,838.0,0.2,650.0
Lily Jade,,2024/01,2024/02,256.0,,,650.0
LINHART NYC,-0.51,2023/03,2023/04,250.0,123.0,0.05,244.0
LINHART NYC,0.73,2023/04,2023/05,123.0,213.0,-0.12,244.0
LINHART NYC,-0.71,2023/07,2023/08,447.0,131.0,-0.04,244.0
LIVELY,0.55,2023/02,2023/03,19317.0,29889.0,-0.01,26181.0
LIVELY,0.62,2023/12,2024/01,6769.0,10951.0,2.16,26181.0
Llama Naturals,0.53,2023/07,2023/08,2398.0,3680.0,-0.01,3420.0
Lollipetals,3.33,2022/01,2022/02,30.0,130.0,1.26,137.0
Lollipetals,0.72,2022/04,2022/05,133.0,229.0,-0.09,137.0
Lollipetals,0.61,2022/12,2023/01,46.0,74.0,-0.35,137.0
Lollipetals,1.26,2023/01,2023/02,74.0,167.0,3.33,137.0
Lollipetals,-0.59,2024/02,2024/03,142.0,58.0,0.06,137.0
Loom Slippers,,2022/05,2022/06,6.0,,,12.0
Loom Slippers,,2022/07,2022/08,3.0,,,12.0
Loom Slippers,,2023/03,2023/04,2.0,,,12.0
Loom Slippers,,2024/01,2024/02,2.0,,,12.0
LOOPS,1.04,2023/04,2023/05,604.0,1235.0,-0.21,1129.0
LOOPS,-0.82,2023/12,2024/01,1397.0,258.0,0.05,1129.0
LOOPS,,2024/01,2024/02,258.0,,,1129.0
Lotus Linen,,2022/09,2022/10,12.0,,,64.0
Lotus Linen,-0.67,2023/12,2024/01,385.0,128.0,,64.0
Love + Chew,1.37,2022/03,2022/04,119.0,282.0,0.37,138.0
Love + Chew,-0.7,2022/06,2022/07,162.0,48.0,0.31,138.0
Love + Chew,2.19,2022/07,2022/08,48.0,153.0,0.57,138.0
Love + Chew,0.57,2023/07,2023/08,84.0,132.0,2.19,138.0
Love More Divinely,1.98,2022/02,2022/03,99.0,295.0,0.28,83.0
Love More Divinely,-0.59,2022/03,2022/04,295.0,122.0,0.08,83.0
Love More Divinely,1.28,2022/07,2022/08,106.0,242.0,-0.76,83.0
Love More Divinely,0.93,2023/04,2023/05,54.0,104.0,0.26,83.0
Love More Divinely,6.03,2023/06,2023/07,30.0,211.0,0.1,83.0
Love More Divinely,-0.76,2023/07,2023/08,211.0,51.0,1.28,83.0
Love Your Melon,0.6,2022/08,2022/09,5297.0,8474.0,0.02,11766.0
Love Your Melon,1.42,2022/09,2022/10,8474.0,20476.0,2.21,11766.0
Love Your Melon,2.21,2023/09,2023/10,3531.0,11344.0,1.42,11766.0
Love Your Melon,-0.68,2024/02,2024/03,5391.0,1702.0,2.47,11766.0
LuminAID,0.68,2022/02,2022/03,563.0,947.0,-0.09,2025.0
LuminAID,0.8,2023/07,2023/08,828.0,1493.0,0.16,2025.0
LuminAID,3.4,2023/09,2023/10,1389.0,6112.0,0.4,2025.0
Luna Nectar,1.47,2022/02,2022/03,60.0,148.0,0.01,94.0
Luna Nectar,-0.61,2022/03,2022/04,148.0,58.0,0.45,94.0
Lunya,0.71,2023/04,2023/05,6395.0,10918.0,-0.06,8311.0
M.M.LaFleur,0.61,2022/02,2022/03,5239.0,8447.0,-0.02,7406.0
Madame Gabriela,1.04,2022/05,2022/06,50.0,102.0,-0.07,182.0
Madame Gabriela,,2024/02,2024/03,203.0,,,182.0
Madison Avenue Glasses,,2022/08,2022/09,14.0,,,22.0
Madison Avenue Glasses,2.45,2023/08,2023/09,11.0,38.0,,22.0
Madison Avenue Glasses,,2024/01,2024/02,31.0,,,22.0
Mando Deodorant,30.34,2022/12,2023/01,416.0,13036.0,,32335.0
Manduka,3.24,2023/08,2023/09,4532.0,19210.0,0.08,7161.0
Manhattan Toy Company,1.03,2022/09,2022/10,921.0,1866.0,0.24,1164.0
Manhattan Toy Company,0.86,2023/02,2023/03,849.0,1578.0,0.34,1164.0
Manifest Supply,,2024/02,2024/03,2.0,,,6.0
MantraBand,-0.94,2022/07,2022/08,2197.0,139.0,-0.23,4071.0
MantraBand,8.76,2022/08,2022/09,139.0,1357.0,-0.05,4071.0
MantraBand,-0.77,2022/09,2022/10,1357.0,306.0,0.16,4071.0
MantraBand,147.57,2022/12,2023/01,23.0,3417.0,208.22,4071.0
Matador Meggings,0.95,2023/09,2023/10,294.0,572.0,0.09,431.0
MATE the Label,1.04,2022/06,2022/07,2533.0,5173.0,-0.12,4880.0
MATE the Label,-0.51,2022/07,2022/08,5173.0,2558.0,0.36,4880.0
MAW Energy,0.86,2024/01,2024/02,229.0,425.0,-0.09,1684.0
Mented Cosmetics,-0.53,2023/12,2024/01,1336.0,625.0,3.13,4362.0
Mented Cosmetics,-0.88,2024/01,2024/02,625.0,78.0,-0.03,4362.0
MerryLoo,,2022/03,2022/04,2.0,,,39.0
MerryLoo,-0.82,2022/12,2023/01,514.0,90.0,,39.0
MerryLoo,-0.66,2023/01,2023/02,90.0,31.0,,39.0
MerryLoo,1.1,2023/03,2023/04,29.0,61.0,,39.0
MerryLoo,-0.59,2023/04,2023/05,61.0,25.0,,39.0
milli mylk Inc.,2.11,2022/08,2022/09,27.0,84.0,-0.09,68.0
milli mylk Inc.,0.83,2022/12,2023/01,23.0,42.0,,68.0
milli mylk Inc.,0.86,2023/02,2023/03,28.0,52.0,,68.0
milli mylk Inc.,1.05,2023/07,2023/08,38.0,78.0,-0.32,68.0
milli mylk Inc.,0.58,2023/09,2023/10,71.0,112.0,-0.19,68.0
Milton & Goose,,2024/02,2024/03,83.0,,,165.0
Mini Ducklings,-0.59,2022/03,2022/04,32.0,13.0,4.74,114.0
Mini Ducklings,4.8,2022/05,2022/06,10.0,58.0,-0.25,114.0
Mini Ducklings,0.61,2022/12,2023/01,69.0,111.0,,114.0
Mini Ducklings,4.74,2023/03,2023/04,81.0,465.0,-0.59,114.0
Mini Ducklings,-0.51,2023/06,2023/07,396.0,193.0,0.47,114.0
Mini Ducklings,-0.76,2023/09,2023/10,124.0,30.0,-0.05,114.0
Mini Ducklings,1.17,2024/01,2024/02,18.0,39.0,0.32,114.0
Mini Ducklings,,2024/02,2024/03,39.0,,,114.0
Mintlodica,4.57,2022/01,2022/02,81.0,451.0,0.51,167.0
Mintlodica,0.51,2022/02,2022/03,451.0,679.0,-0.1,167.0
Mintlodica,14.58,2022/07,2022/08,19.0,296.0,0.11,167.0
Mintlodica,-0.56,2022/09,2022/10,189.0,83.0,2.58,167.0
Mintlodica,0.51,2023/01,2023/02,162.0,244.0,4.57,167.0
Mintlodica,2.58,2023/09,2023/10,40.0,143.0,-0.56,167.0
Moby Wrap,1.34,2022/08,2022/09,713.0,1670.0,-0.01,973.0
Moby Wrap,,2024/02,2024/03,852.0,,,973.0
Modern Fuel,2.37,2023/07,2023/08,167.0,563.0,0.02,309.0
Modern Picnic,1.28,2024/01,2024/02,327.0,744.0,-0.26,591.0
Moderny,-0.67,2022/07,2022/08,1729.0,576.0,0.11,4523.0
Moderny,1.42,2022/08,2022/09,576.0,1396.0,-0.14,4523.0
Moderny,1.24,2022/09,2022/10,1396.0,3125.0,-0.03,4523.0
Moderny,0.62,2022/12,2023/01,2862.0,4631.0,-0.54,4523.0
Moderny,0.65,2023/12,2024/01,8756.0,14484.0,-0.47,4523.0
ModWood,,2023/05,2023/06,1.0,,,4.0
ModWood,,2023/12,2024/01,5.0,,,4.0
Moon Pals,-0.57,2022/12,2023/01,1254.0,542.0,-0.04,635.0
Moon Pals,1.12,2023/05,2023/06,358.0,758.0,-0.23,635.0
Moon Pals,-0.83,2024/02,2024/03,204.0,35.0,-0.11,635.0
Mosi,1.19,2022/02,2022/03,42.0,92.0,0.0,317.0
Mosi,-0.71,2022/04,2022/05,70.0,20.0,0.18,317.0
Mosi,0.6,2022/05,2022/06,20.0,32.0,-0.49,317.0
Mosi,4.25,2022/06,2022/07,32.0,168.0,0.77,317.0
Mosi,0.77,2023/06,2023/07,127.0,225.0,4.25,317.0
Mosi,,2024/01,2024/02,281.0,,,317.0
Motherhood,1.01,2023/12,2024/01,4514.0,9070.0,7.35,24749.0
Motherhood,-0.9,2024/02,2024/03,6660.0,676.0,-0.19,24749.0
moxie,4.49,2022/04,2022/05,228.0,1251.0,2.63,442.0
moxie,0.96,2022/07,2022/08,177.0,347.0,0.37,442.0
moxie,-0.72,2023/03,2023/04,745.0,205.0,-0.1,442.0
moxie,2.63,2023/04,2023/05,205.0,745.0,4.49,442.0
moxie,-0.68,2023/12,2024/01,320.0,104.0,1.47,442.0
MUD\WTR,-0.62,2024/02,2024/03,73839.0,28085.0,0.16,93602.0
Multiverse,0.91,2023/05,2023/06,44.0,84.0,0.03,88.0
Muslin Comfort,0.74,2022/03,2022/04,3954.0,6875.0,0.1,4657.0
Mustela,1.68,2022/01,2022/02,2197.0,5896.0,0.26,5365.0
Mustela,6.88,2022/06,2022/07,2140.0,16862.0,3.64,5365.0
Mustela,3.64,2023/06,2023/07,2948.0,13684.0,6.88,5365.0
Mustela,1.09,2023/12,2024/01,2008.0,4191.0,0.53,5365.0
Mustela,0.73,2024/02,2024/03,2560.0,4424.0,-0.29,5365.0
Myro,,2024/01,2024/02,508.0,,,1887.0
Naked & Thriving Skincare,,2022/09,2022/10,3.0,,,21005.0
Naked & Thriving Skincare,3.0,2023/03,2023/04,21.0,84.0,,21005.0
Naked & Thriving Skincare,34.29,2023/05,2023/06,94.0,3317.0,,21005.0
Naked & Thriving Skincare,2.54,2023/06,2023/07,3317.0,11730.0,,21005.0
Naked & Thriving Skincare,1.34,2023/07,2023/08,11730.0,27460.0,,21005.0
Nala Care,1.36,2022/02,2022/03,142.0,335.0,-0.09,312.0
Nampons LLC,2.58,2022/03,2022/04,98.0,351.0,3.1,276.0
Nampons LLC,-0.6,2022/04,2022/05,351.0,142.0,0.04,276.0
Nampons LLC,,2022/09,2022/10,8.0,,,276.0
Nampons LLC,3.1,2023/03,2023/04,83.0,340.0,2.58,276.0
Nampons LLC,1.78,2023/05,2023/06,352.0,977.0,-0.37,276.0
Nampons LLC,1.04,2023/09,2023/10,112.0,228.0,,276.0
Nampons LLC,-0.74,2024/01,2024/02,523.0,137.0,3.74,276.0
Natemia,,2024/02,2024/03,114.0,,,250.0
Natura,1.33,2023/04,2023/05,2117.0,4932.0,0.1,2344.0
Natuvitz,,2022/01,2022/02,4.0,,,3.0
Natuvitz,,2022/03,2022/04,5.0,,,3.0
Natuvitz,,2023/01,2023/02,5.0,,,3.0
Natuvitz,,2024/02,2024/03,1.0,,,3.0
Neo4ic,0.98,2022/09,2022/10,902.0,1788.0,0.19,1187.0
Neuro Gum,,2022/06,2022/07,1932.0,,,3306.0
Neuro Gum,1.25,2023/01,2023/02,3011.0,6766.0,-0.32,3306.0
Noirebud,1.45,2022/03,2022/04,31.0,76.0,0.1,32.0
Noirebud,1.73,2023/06,2023/07,11.0,30.0,0.05,32.0
NOMAD Grills,0.71,2023/05,2023/06,188.0,321.0,-0.07,437.0
NOMAD Grills,0.53,2024/02,2024/03,300.0,459.0,0.02,437.0
Nood,0.56,2022/02,2022/03,2488.0,3886.0,-0.26,18913.0
Nood,0.69,2022/06,2022/07,8743.0,14816.0,-0.25,18913.0
NOT!CE Hair Co,1.16,2022/01,2022/02,660.0,1426.0,-0.58,934.0
NOT!CE Hair Co,0.76,2022/03,2022/04,980.0,1724.0,1.38,934.0
NOT!CE Hair Co,-0.69,2022/08,2022/09,1661.0,508.0,1.33,934.0
NOT!CE Hair Co,-0.58,2023/01,2023/02,1293.0,548.0,1.16,934.0
NOT!CE Hair Co,1.38,2023/03,2023/04,546.0,1301.0,0.76,934.0
NOT!CE Hair Co,-0.64,2023/07,2023/08,1228.0,448.0,-0.02,934.0
NOT!CE Hair Co,1.33,2023/08,2023/09,448.0,1043.0,-0.69,934.0
NOT!CE Hair Co,0.81,2023/12,2024/01,458.0,827.0,1.82,934.0
Nurture&,0.59,2022/09,2022/10,463.0,737.0,-0.16,925.0
Nurture&,-0.72,2024/02,2024/03,1558.0,444.0,-0.12,925.0
NuSkool Snacks,1.04,2022/01,2022/02,607.0,1241.0,4.93,265.0
NuSkool Snacks,-0.63,2022/07,2022/08,565.0,208.0,0.29,265.0
NuSkool Snacks,4.93,2023/01,2023/02,27.0,160.0,1.04,265.0
NuSkool Snacks,9.62,2023/02,2023/03,160.0,1700.0,-0.44,265.0
NuSkool Snacks,-0.82,2023/04,2023/05,259.0,46.0,0.07,265.0
Nutshell Coolers,,2022/05,2022/06,1.0,,,10.0
Nutshell Coolers,,2022/09,2022/10,6.0,,,10.0
Nutshell Coolers,,2022/12,2023/01,2.0,,,10.0
Nutshell Coolers,1.7,2023/09,2023/10,10.0,27.0,,10.0
Nuudii System,2.61,2023/01,2023/02,1457.0,5266.0,-0.3,2246.0
Oat Mama,0.84,2023/08,2023/09,38.0,70.0,-0.39,66.0
Obvi,,2022/12,2023/01,1375.0,,,8634.0
Obvi,,2024/02,2024/03,6169.0,,,8634.0
Oeuf,1.11,2023/02,2023/03,273.0,575.0,0.15,540.0
Oeuf,0.62,2023/04,2023/05,288.0,467.0,-0.08,540.0
Oil Divine,1.87,2022/03,2022/04,15.0,43.0,4.73,38.0
Oil Divine,3.62,2022/09,2022/10,26.0,120.0,0.5,38.0
Oil Divine,4.73,2023/03,2023/04,11.0,63.0,1.87,38.0
Oil Divine,2.5,2023/05,2023/06,16.0,56.0,0.37,38.0
Oil Divine,6.17,2024/02,2024/03,24.0,172.0,0.0,38.0
One Part Co.,1.34,2022/04,2022/05,32.0,75.0,0.12,60.0
One Part Co.,-0.79,2022/06,2022/07,91.0,19.0,0.12,60.0
One Part Co.,,2024/01,2024/02,12.0,,,60.0
OOBE BRAND,-0.83,2024/02,2024/03,264.0,46.0,0.42,603.0
oogiebear,11.89,2022/08,2022/09,38.0,490.0,-0.31,130.0
oogiebear,0.8,2023/02,2023/03,99.0,178.0,-0.03,130.0
oogiebear,0.62,2023/09,2023/10,103.0,167.0,-0.46,130.0
Oradina,2.45,2022/06,2022/07,751.0,2588.0,0.07,2422.0
Original Grain,-0.85,2024/02,2024/03,3572.0,541.0,-0.09,2599.0
OrnamentallyYou,3.68,2022/08,2022/09,149.0,697.0,0.92,3714.0
OrnamentallyYou,2.71,2022/09,2022/10,697.0,2589.0,4.53,3714.0
OrnamentallyYou,0.92,2023/08,2023/09,935.0,1798.0,3.68,3714.0
OrnamentallyYou,4.53,2023/09,2023/10,1798.0,9938.0,2.71,3714.0
OUAI,1.04,2023/07,2023/08,9342.0,19094.0,0.41,12752.0
OUAI,,2024/02,2024/03,5744.0,,,12752.0
Our Kaia,,2023/12,2024/01,1.0,,,4.0
Out of the Woods,-0.61,2022/01,2022/02,171.0,66.0,0.02,317.0
Out of the Woods,1.2,2022/02,2022/03,66.0,145.0,-0.39,317.0
Out of the Woods,0.56,2022/05,2022/06,160.0,250.0,-0.12,317.0
Outer Aisle,,2023/08,2023/09,48.0,,,3562.0
Outer Aisle,,2024/01,2024/02,52.0,,,3562.0
OUTTA POCKET,1.67,2022/05,2022/06,83.0,222.0,-0.09,39.0
OUTTA POCKET,,2023/06,2023/07,10.0,,,39.0
OUTTA POCKET,,2024/01,2024/02,3.0,,,39.0
Ovl Collection,-0.62,2022/12,2023/01,172.0,66.0,0.36,45.0
Ovl Collection,1.2,2023/03,2023/04,10.0,22.0,-0.02,45.0
Ovl Collection,-0.55,2023/04,2023/05,22.0,10.0,0.08,45.0
Pac Pac Snacks,0.72,2023/02,2023/03,18.0,31.0,,16.0
Paperclip,-0.56,2022/06,2022/07,27.0,12.0,0.0,29.0
Paperclip,1.38,2023/02,2023/03,13.0,31.0,0.47,29.0
Paravel,0.51,2022/04,2022/05,2099.0,3165.0,1.15,2814.0
Paravel,1.15,2023/04,2023/05,2159.0,4637.0,0.51,2814.0
Paravel,,2024/02,2024/03,1295.0,,,2814.0
Parken Jewelry,-0.53,2022/04,2022/05,47.0,22.0,0.35,110.0
Parken Jewelry,0.6,2022/06,2022/07,25.0,40.0,-0.02,110.0
Parken Jewelry,1.52,2022/09,2022/10,44.0,111.0,-0.03,110.0
Parker Clay,0.63,2022/02,2022/03,1143.0,1858.0,-0.13,1920.0
Parker Clay,,2024/02,2024/03,937.0,,,1920.0
Pearl Street Swim,-0.58,2022/01,2022/02,91.0,38.0,0.25,96.0
Pearl Street Swim,1.0,2022/02,2022/03,38.0,76.0,-0.14,96.0
Pearl Street Swim,0.93,2022/03,2022/04,76.0,147.0,-0.45,96.0
Pearl Street Swim,0.83,2023/04,2023/05,70.0,128.0,-0.03,96.0
Pearl Street Swim,2.3,2023/12,2024/01,20.0,66.0,4.9,96.0
Pearl Street Swim,-0.62,2024/01,2024/02,66.0,25.0,0.25,96.0
Pet Memory,,2023/01,2023/02,1.0,,,50.0
Pet Memory,0.7,2023/05,2023/06,27.0,46.0,-0.03,50.0
Pet Memory,,2024/01,2024/02,51.0,,,50.0
Petals and Peacocks,1.0,2022/02,2022/03,310.0,621.0,0.49,606.0
Petals and Peacocks,0.58,2022/06,2022/07,365.0,577.0,-0.19,606.0
Petals and Peacocks,0.71,2022/09,2022/10,493.0,843.0,-0.3,606.0
Petunia Pickle Bottom,1.58,2023/04,2023/05,2754.0,7099.0,0.0,2999.0
Pheroe,1.02,2022/12,2023/01,316.0,638.0,-0.43,169.0
Pheroe,-0.71,2023/04,2023/05,301.0,86.0,0.09,169.0
Pheroe,4.0,2023/09,2023/10,11.0,55.0,-0.1,169.0
Pheroe,-0.55,2023/12,2024/01,47.0,21.0,12.57,169.0
Pheroe,1.56,2024/02,2024/03,16.0,41.0,-0.02,169.0
PlantPaper,0.63,2023/06,2023/07,2678.0,4362.0,0.0,3054.0
Platypus,,2022/03,2022/04,1.0,,,2.0
Platypus,,2022/12,2023/01,1.0,,,2.0
PMD Beauty,,2024/01,2024/02,1227.0,,,3082.0
Ponto Footwear,0.65,2022/02,2022/03,478.0,787.0,-0.12,559.0
Ponto Footwear,-0.53,2023/07,2023/08,746.0,348.0,0.16,559.0
Ponto Footwear,,2024/02,2024/03,314.0,,,559.0
Poo-Pourri,0.77,2022/03,2022/04,9068.0,16037.0,0.12,13109.0
Poo-Pourri,0.86,2022/08,2022/09,4696.0,8735.0,0.23,13109.0
Popadelics,,2022/02,2022/03,15.0,,,76.0
Popadelics,-0.58,2022/05,2022/06,113.0,47.0,0.4,76.0
Popadelics,3.47,2022/08,2022/09,38.0,170.0,-0.56,76.0
Popadelics,-0.66,2022/09,2022/10,170.0,58.0,0.57,76.0
Popadelics,0.82,2023/03,2023/04,34.0,62.0,,76.0
Popadelics,-0.56,2023/08,2023/09,80.0,35.0,3.47,76.0
Popadelics,0.57,2023/09,2023/10,35.0,55.0,-0.66,76.0
Poppy Flowers,0.93,2022/01,2022/02,447.0,861.0,0.02,262.0
Poppy Flowers,0.58,2022/03,2022/04,511.0,808.0,0.03,262.0
Popsters,-0.56,2022/12,2023/01,1566.0,687.0,,508.0
Popsters,1.03,2023/02,2023/03,643.0,1304.0,,508.0
Popsters,-0.53,2023/05,2023/06,679.0,319.0,,508.0
Popsters,-0.56,2023/06,2023/07,319.0,140.0,,508.0
Popsters,,2023/12,2024/01,1.0,,,508.0
Portal,12.65,2022/05,2022/06,17.0,232.0,-0.11,152.0
Portal,2.93,2023/12,2024/01,134.0,526.0,-0.22,152.0
Portal,-0.52,2024/01,2024/02,526.0,254.0,0.36,152.0
Portal,1.12,2024/02,2024/03,254.0,539.0,0.02,152.0
Porto's Bake at Home,,2023/06,2023/07,9152.0,,,12757.0
Posh Peanut,0.75,2022/06,2022/07,17615.0,30837.0,-0.36,35905.0
Posh Peanut,1.08,2023/05,2023/06,23717.0,49324.0,-0.25,35905.0
Pretzels.com,0.85,2022/01,2022/02,2031.0,3751.0,0.08,9031.0
Primary Staging,,2023/02,2023/03,4.0,,,6.0
Primary Staging,,2023/08,2023/09,2.0,,,6.0
Primary Staging,,2023/12,2024/01,2.0,,,6.0
Projects Watches,2.37,2022/05,2022/06,67.0,226.0,-0.33,1142.0
Projects Watches,0.8,2022/08,2022/09,120.0,216.0,-0.17,1142.0
Projects Watches,1.09,2022/09,2022/10,216.0,451.0,0.15,1142.0
Projects Watches,23.6,2022/12,2023/01,43.0,1058.0,1.09,1142.0
Pul Hydration,,2022/07,2022/08,6.0,,,20.0
Pulled,,2022/01,2022/02,1.0,,,28.0
Pulled,1.0,2022/09,2022/10,20.0,40.0,0.29,28.0
Pulled,0.62,2023/03,2023/04,40.0,65.0,,28.0
Pulled,1.12,2023/12,2024/01,17.0,36.0,0.41,28.0
Pulp Pantry,34.71,2022/04,2022/05,101.0,3607.0,0.83,311.0
Pulp Pantry,-0.87,2022/05,2022/06,3607.0,477.0,-0.31,311.0
Pulp Pantry,1.47,2022/08,2022/09,269.0,665.0,-0.3,311.0
Pulp Pantry,-0.58,2022/12,2023/01,48.0,20.0,1.0,311.0
Pulp Pantry,15.25,2023/01,2023/02,20.0,325.0,-0.3,311.0
Pulp Pantry,-0.56,2023/03,2023/04,223.0,98.0,0.12,311.0
Pulp Pantry,0.83,2023/04,2023/05,98.0,179.0,34.71,311.0
Pulp Pantry,,2024/01,2024/02,91.0,,,311.0
Pursoma,0.75,2023/02,2023/03,101.0,177.0,-0.06,162.0
Que,-0.53,2022/09,2022/10,88.0,41.0,0.59,155.0
Que,0.59,2023/09,2023/10,111.0,176.0,-0.53,155.0
Que,0.52,2024/01,2024/02,89.0,135.0,0.01,155.0
Quitch,0.71,2022/02,2022/03,28.0,48.0,,26.0
Quitch,-0.65,2022/03,2022/04,48.0,17.0,,26.0
Quitch,1.4,2022/08,2022/09,10.0,24.0,0.6,26.0
Quitch,,2023/02,2023/03,2.0,,,26.0
Quitch,2.75,2023/04,2023/05,12.0,45.0,-0.06,26.0
Quitch,0.98,2023/05,2023/06,45.0,89.0,0.38,26.0
Quitch,0.6,2023/08,2023/09,47.0,75.0,1.4,26.0
Quitch,-0.71,2023/09,2023/10,75.0,22.0,0.08,26.0
Quitch,0.57,2024/02,2024/03,14.0,22.0,,26.0
Rainier Watch,4.31,2022/02,2022/03,13.0,69.0,1.36,192.0
Rainier Watch,1.0,2022/04,2022/05,55.0,110.0,0.18,192.0
Rainier Watch,0.97,2022/06,2022/07,63.0,124.0,-0.04,192.0
Rainier Watch,1.36,2023/02,2023/03,47.0,111.0,4.31,192.0
Rainier Watch,0.68,2023/03,2023/04,111.0,186.0,-0.2,192.0
Raw Botanics,0.58,2022/07,2022/08,100.0,158.0,-0.13,165.0
Rebody Active,0.67,2022/07,2022/08,84.0,140.0,-0.21,151.0
Rebody Active,0.74,2023/01,2023/02,133.0,232.0,-0.03,151.0
Rebody Active,0.85,2023/02,2023/03,232.0,430.0,-0.07,151.0
Red Racer Books,19.58,2022/03,2022/04,12.0,247.0,0.06,79.0
Red Racer Books,-0.62,2022/12,2023/01,120.0,46.0,,79.0
Red Racer Books,-0.75,2023/12,2024/01,56.0,14.0,-0.18,79.0
Red Racer Books,1.07,2024/01,2024/02,14.0,29.0,0.2,79.0
Red Racer Books,1.0,2024/02,2024/03,29.0,58.0,-0.35,79.0
ReliaBra LLC (DBA Perkies),0.78,2024/01,2024/02,23.0,41.0,-0.08,48.0
Revolution Cooking,-0.52,2023/01,2023/02,185.0,88.0,0.18,211.0
Revolution Cooking,0.88,2023/09,2023/10,73.0,137.0,0.0,211.0
Ritual Zero Proof,2.44,2022/12,2023/01,3817.0,13146.0,0.02,4308.0
Roark,0.87,2023/06,2023/07,8666.0,16180.0,-0.16,9376.0
Rowan,0.91,2022/07,2022/08,70.0,134.0,-0.32,83.0
Rowan,1.57,2024/01,2024/02,14.0,36.0,-0.28,83.0
rsm inc.,6.48,2022/02,2022/03,21.0,157.0,0.35,564.0
rsm inc.,0.69,2022/03,2022/04,157.0,265.0,0.11,564.0
rsm inc.,-0.62,2022/04,2022/05,265.0,100.0,0.55,564.0
rsm inc.,1.82,2022/05,2022/06,100.0,282.0,0.44,564.0
rsm inc.,-0.53,2022/12,2023/01,1022.0,482.0,,564.0
rsm inc.,0.55,2023/04,2023/05,736.0,1142.0,-0.62,564.0
rsm inc.,,2024/01,2024/02,273.0,,,564.0
Ry & Pen,1.0,2022/05,2022/06,50.0,100.0,-0.84,85.0
Ry & Pen,0.84,2022/08,2022/09,63.0,116.0,-0.51,85.0
Ry & Pen,1.36,2023/03,2023/04,33.0,78.0,-0.24,85.0
Ry & Pen,1.45,2023/04,2023/05,78.0,191.0,-0.4,85.0
Ry & Pen,-0.84,2023/05,2023/06,191.0,31.0,1.0,85.0
Ry & Pen,1.52,2023/06,2023/07,31.0,78.0,-0.04,85.0
Ry & Pen,-0.51,2023/08,2023/09,89.0,44.0,0.84,85.0
Ry & Pen,-0.6,2024/01,2024/02,57.0,23.0,-0.05,85.0
Ry & Pen,2.83,2024/02,2024/03,23.0,88.0,-0.37,85.0
Sabrina Zeng,-0.54,2022/03,2022/04,35.0,16.0,0.05,28.0
Sabrina Zeng,2.19,2022/04,2022/05,16.0,51.0,0.05,28.0
Sabrina Zeng,0.91,2022/07,2022/08,23.0,44.0,-0.6,28.0
Sabrina Zeng,-0.6,2023/07,2023/08,30.0,12.0,0.91,28.0
Sabrina Zeng,,2023/08,2023/09,12.0,,,28.0
SACHEU Beauty,0.51,2022/04,2022/05,760.0,1145.0,-0.35,3607.0
SACHEU Beauty,0.78,2022/09,2022/10,317.0,565.0,9.15,3607.0
SACHEU Beauty,2.62,2023/01,2023/02,318.0,1151.0,-0.21,3607.0
SACHEU Beauty,8.02,2023/02,2023/03,1151.0,10386.0,-0.18,3607.0
SACHEU Beauty,0.98,2023/05,2023/06,1213.0,2397.0,-0.05,3607.0
SACHEU Beauty,1.11,2023/06,2023/07,2397.0,5060.0,-0.14,3607.0
SACHEU Beauty,9.15,2023/09,2023/10,3010.0,30554.0,0.78,3607.0
Safari Ltd,,2024/02,2024/03,463.0,,,1217.0
Salumi Chicago,-0.84,2022/02,2022/03,61.0,10.0,0.29,26.0
Salumi Chicago,1.1,2022/03,2022/04,10.0,21.0,-0.33,26.0
Salumi Chicago,,2022/08,2022/09,7.0,,,26.0
Salumi Chicago,0.67,2023/04,2023/05,18.0,30.0,-0.43,26.0
Salumi Chicago,1.5,2023/08,2023/09,20.0,50.0,,26.0
SAYSO,0.78,2022/01,2022/02,40.0,71.0,,120.0
SAYSO,-0.61,2022/02,2022/03,71.0,28.0,,120.0
SAYSO,2.27,2022/05,2022/06,33.0,108.0,,120.0
SAYSO,0.59,2022/06,2022/07,108.0,172.0,,120.0
SAYSO,-0.77,2024/01,2024/02,208.0,47.0,,120.0
Seafolly Australia,24.0,2022/06,2022/07,99.0,2475.0,-0.23,1449.0
Seafolly Australia,6.37,2022/07,2022/08,2475.0,18239.0,-0.33,1449.0
Seafolly Australia,-0.98,2022/08,2022/09,18239.0,385.0,-0.34,1449.0
Seafolly Australia,1.22,2022/12,2023/01,254.0,564.0,,1449.0
Seamless Lingerie,0.53,2023/07,2023/08,295.0,450.0,-0.04,637.0
SENREVE,1.22,2022/03,2022/04,1320.0,2935.0,-0.02,1658.0
SENREVE,0.76,2023/02,2023/03,1256.0,2206.0,0.0,1658.0
Sensory Joy,4.06,2022/02,2022/03,50.0,253.0,-0.03,1447.0
Sensory Joy,7.22,2022/03,2022/04,253.0,2079.0,-0.48,1447.0
Sensory Joy,0.82,2023/04,2023/05,554.0,1010.0,-0.4,1447.0
Sensory Joy,,2024/01,2024/02,711.0,,,1447.0
SEVENFRIDAY USA,0.58,2022/01,2022/02,26.0,41.0,-0.53,25.0
SEVENFRIDAY USA,-0.53,2023/01,2023/02,32.0,15.0,0.58,25.0
Shinesty,6.24,2022/08,2022/09,14263.0,103229.0,0.03,77980.0
Siblings,0.56,2022/06,2022/07,402.0,627.0,0.05,2041.0
Signature Authentic,,2022/08,2022/09,3.0,,,2.0
Signature Authentic,,2023/01,2023/02,1.0,,,2.0
Signature Authentic,,2023/04,2023/05,1.0,,,2.0
Signature Authentic,,2023/07,2023/08,1.0,,,2.0
Signature Authentic,,2023/12,2024/01,2.0,,,2.0
Skura Style,4.64,2024/02,2024/03,4010.0,22613.0,0.27,5185.0
Slick Products,0.68,2023/09,2023/10,1514.0,2541.0,-0.28,2416.0
Smaak,,2024/02,2024/03,4.0,,,12.0
Smith Teamaker,0.56,2022/05,2022/06,5458.0,8524.0,-0.17,8821.0
Smith Teamaker,1.62,2023/04,2023/05,6089.0,15952.0,0.02,8821.0
Smith Teamaker,,2024/02,2024/03,8954.0,,,8821.0
smoovii,0.64,2023/04,2023/05,11.0,18.0,0.05,20.0
smoovii,,2023/12,2024/01,2.0,,,20.0
smoovii,,2024/02,2024/03,3.0,,,20.0
Snibbs,0.8,2022/01,2022/02,2014.0,3621.0,0.06,2987.0
Snibbs,,2024/01,2024/02,1417.0,,,2987.0
Snowyskin,2.35,2022/01,2022/02,287.0,962.0,0.2,1167.0
Snowyskin,1.19,2022/02,2022/03,962.0,2108.0,-0.25,1167.0
Snowyskin,-0.6,2022/04,2022/05,2319.0,930.0,-0.09,1167.0
Snowyskin,1.1,2022/06,2022/07,1049.0,2207.0,-0.14,1167.0
Snowyskin,-0.55,2023/12,2024/01,530.0,238.0,1.44,1167.0
Snuggle Me Organic,5.31,2022/02,2022/03,3180.0,20074.0,2.16,11846.0
Snuggle Me Organic,5.74,2022/08,2022/09,2724.0,18356.0,0.36,11846.0
Snuggle Me Organic,3.37,2022/12,2023/01,5421.0,23682.0,-0.38,11846.0
Snuggle Me Organic,-0.64,2023/01,2023/02,23682.0,8643.0,-0.05,11846.0
Snuggle Me Organic,2.16,2023/02,2023/03,8643.0,27331.0,5.31,11846.0
Snuggle Me Organic,1.8,2024/01,2024/02,6567.0,18367.0,-0.64,11846.0
Snuggle Me Organic,-0.74,2024/02,2024/03,18367.0,4763.0,2.16,11846.0
SoaPen Inc,0.99,2022/12,2023/01,113.0,225.0,-0.17,71.0
SoaPen Inc,-0.94,2023/01,2023/02,225.0,13.0,0.3,71.0
SoaPen Inc,9.77,2023/02,2023/03,13.0,140.0,-0.06,71.0
SoaPen Inc,-0.6,2023/04,2023/05,35.0,14.0,0.19,71.0
SoaPen Inc,1.21,2023/05,2023/06,14.0,31.0,-0.23,71.0
SoaPen Inc,-0.8,2023/12,2024/01,119.0,24.0,0.89,71.0
SoaPen Inc,1.0,2024/02,2024/03,13.0,26.0,9.77,71.0
Socksery Shop,-0.52,2022/02,2022/03,40.0,19.0,0.06,264.0
Socksery Shop,0.53,2022/03,2022/04,19.0,29.0,-0.37,264.0
Socksery Shop,3.08,2022/08,2022/09,13.0,53.0,1.2,264.0
Socksery Shop,3.02,2022/09,2022/10,53.0,213.0,2.0,264.0
Socksery Shop,0.67,2023/04,2023/05,12.0,20.0,-0.17,264.0
Socksery Shop,1.2,2023/08,2023/09,10.0,22.0,3.08,264.0
Socksery Shop,2.0,2023/09,2023/10,22.0,66.0,3.02,264.0
Socksery Shop,,2024/01,2024/02,9.0,,,264.0
Softies,1.12,2023/02,2023/03,966.0,2047.0,0.47,1452.0
Softies,1.07,2023/06,2023/07,477.0,989.0,0.24,1452.0
Softies,1.69,2024/02,2024/03,864.0,2323.0,1.12,1452.0
SolaWave,0.79,2023/03,2023/04,13487.0,24145.0,-0.04,15825.0
SolaWave,0.65,2023/06,2023/07,10144.0,16722.0,-0.13,15825.0
Solly Baby,0.65,2023/02,2023/03,5359.0,8829.0,0.08,7406.0
Somnee,,2022/04,2022/05,16.0,,,312.0
Somnee,1.07,2022/07,2022/08,58.0,120.0,-0.16,312.0
Somnee,0.54,2022/12,2023/01,71.0,109.0,,312.0
Somnee,2.83,2023/02,2023/03,82.0,314.0,,312.0
Sonrei Skin,0.81,2022/03,2022/04,81.0,147.0,0.25,111.0
Sonrei Skin,2.76,2022/05,2022/06,214.0,804.0,-0.18,111.0
Sonrei Skin,-0.75,2022/07,2022/08,510.0,129.0,-0.09,111.0
Sonrei Skin,-0.66,2022/09,2022/10,85.0,29.0,0.06,111.0
Sonrei Skin,0.55,2023/12,2024/01,22.0,34.0,-0.14,111.0
SortJoy,0.77,2023/12,2024/01,352.0,622.0,-0.57,210.0
Sparq Life,0.99,2022/04,2022/05,567.0,1128.0,-0.15,418.0
Sparq Life,1.79,2022/09,2022/10,220.0,613.0,0.33,418.0
Sparq Life,-0.8,2023/05,2023/06,362.0,71.0,-0.24,418.0
Sparq Life,1.12,2023/12,2024/01,26.0,55.0,43.38,418.0
Sparq Life,,2024/01,2024/02,55.0,,,418.0
Spice Tribe,0.83,2023/06,2023/07,142.0,260.0,,834.0
Spritz Society,1.28,2022/04,2022/05,637.0,1450.0,-0.09,861.0
Spritz Society,-0.54,2022/08,2022/09,906.0,417.0,8.53,861.0
Spritz Society,2.58,2023/01,2023/02,696.0,2490.0,0.01,861.0
Spritz Society,-0.58,2023/02,2023/03,2490.0,1042.0,0.35,861.0
Spritz Society,8.86,2023/06,2023/07,280.0,2760.0,-0.29,861.0
Spritz Society,-0.91,2023/07,2023/08,2760.0,243.0,0.01,861.0
Spritz Society,8.53,2023/08,2023/09,243.0,2316.0,-0.54,861.0
Spritz Society,-0.75,2023/09,2023/10,2316.0,577.0,0.08,861.0
Spritz Society,-0.54,2023/12,2024/01,191.0,87.0,2.64,861.0
Spritz Society,3.97,2024/01,2024/02,87.0,432.0,2.58,861.0
sproos!,1.07,2022/12,2023/01,57.0,118.0,-0.82,171.0
Sprout Living,6.66,2022/01,2022/02,465.0,3563.0,-0.02,1875.0
Sprout Living,-0.66,2022/02,2022/03,3563.0,1204.0,0.24,1875.0
Spyder,3.97,2022/08,2022/09,825.0,4101.0,1.2,5134.0
Spyder,1.06,2023/06,2023/07,785.0,1618.0,0.25,5134.0
Spyder,1.2,2023/08,2023/09,1080.0,2374.0,3.97,5134.0
StackedSkincare,-0.9,2022/04,2022/05,1646.0,164.0,,1150.0
StackedSkincare,,2022/05,2022/06,164.0,,,1150.0
StackedSkincare,-0.66,2023/03,2023/04,577.0,198.0,-0.06,1150.0
StackedSkincare,,2023/04,2023/05,198.0,,,1150.0
StackedSkincare,1.42,2023/12,2024/01,729.0,1761.0,,1150.0
Stasher Bag,2.61,2022/03,2022/04,5402.0,19501.0,,7517.0
Stasher Bag,-0.64,2022/04,2022/05,19501.0,6947.0,,7517.0
Stasher Bag,1.44,2022/07,2022/08,5108.0,12489.0,,7517.0
Stasher Bag,-0.63,2022/08,2022/09,12489.0,4613.0,,7517.0
Stasher Bag,-0.64,2022/12,2023/01,9435.0,3411.0,-0.13,7517.0
Stasher Bag,,2023/03,2023/04,1593.0,,,7517.0
STATE Bags,0.93,2024/02,2024/03,2640.0,5099.0,0.14,6016.0
STATIK,1.65,2022/01,2022/02,34.0,90.0,0.29,2826.0
STATIK,9.66,2022/02,2022/03,90.0,959.0,0.41,2826.0
STATIK,1.71,2022/04,2022/05,213.0,578.0,0.08,2826.0
STATIK,1.04,2022/07,2022/08,391.0,796.0,-0.07,2826.0
Status Audio,0.71,2022/12,2023/01,6372.0,10879.0,-0.26,8422.0
Status Audio,-0.71,2024/02,2024/03,9693.0,2787.0,0.05,8422.0
Stix,0.77,2022/05,2022/06,5766.0,10208.0,-0.13,2791.0
Storied Hats,7.52,2022/05,2022/06,61.0,520.0,1.27,448.0
Storied Hats,0.79,2023/03,2023/04,286.0,511.0,0.05,448.0
Storied Hats,1.27,2023/05,2023/06,446.0,1012.0,7.52,448.0
Storied Hats,0.61,2024/01,2024/02,142.0,228.0,0.0,448.0
Storq,0.58,2024/02,2024/03,1114.0,1763.0,-0.11,2174.0
Sunshine Sisters,1.11,2022/02,2022/03,25829.0,54383.0,-0.12,24415.0
Surely Wines,5.16,2022/12,2023/01,831.0,5120.0,,2262.0
Surely Wines,-0.55,2023/01,2023/02,5120.0,2318.0,,2262.0
Surely Wines,1.07,2023/12,2024/01,1582.0,3278.0,2.24,2262.0
TAYLRD,1.53,2022/08,2022/09,407.0,1031.0,0.39,959.0
Tenneyson,-0.67,2022/05,2022/06,69.0,23.0,2.47,64.0
Tenneyson,2.1,2022/07,2022/08,20.0,62.0,-0.31,64.0
Tenneyson,0.66,2022/09,2022/10,38.0,63.0,-0.44,64.0
Tenneyson,0.61,2023/01,2023/02,41.0,66.0,-0.45,64.0
Tenneyson,2.47,2023/05,2023/06,17.0,59.0,-0.67,64.0
Tenth and Pine,-0.69,2024/01,2024/02,1300.0,401.0,-0.05,1335.0
Tenth and Pine,,2024/02,2024/03,401.0,,,1335.0
The Chai Box,3.19,2023/09,2023/10,1297.0,5430.0,0.19,1516.0
The CrunchCup,,2022/01,2022/02,1458.0,,,3086.0
The CrunchCup,0.75,2023/07,2023/08,2130.0,3737.0,,3086.0
The Dough Project,-0.56,2022/08,2022/09,168.0,74.0,0.55,100.0
The Dough Project,-0.63,2022/12,2023/01,86.0,32.0,3.7,100.0
The Dough Project,0.83,2023/07,2023/08,12.0,22.0,0.01,100.0
The Dough Project,0.55,2023/08,2023/09,22.0,34.0,-0.56,100.0
The House of LR&C,0.83,2023/04,2023/05,957.0,1749.0,0.06,1347.0
The House of LR&C,0.63,2023/06,2023/07,1753.0,2854.0,0.08,1347.0
The Natural Nipple,,2022/03,2022/04,2.0,,,8.0
The Natural Nipple,,2022/09,2022/10,1.0,,,8.0
The Natural Nipple,,2023/01,2023/02,1.0,,,8.0
The Natural Nipple,1.04,2023/05,2023/06,23.0,47.0,,8.0
The Natural Nipple,-0.72,2023/06,2023/07,47.0,13.0,,8.0
The Secure Mat,0.76,2023/06,2023/07,1124.0,1974.0,-0.14,1704.0
The Secure Mat,,2024/01,2024/02,1311.0,,,1704.0
Three Ships,-0.86,2022/03,2022/04,1912.0,271.0,,2481.0
Three Ships,,2022/04,2022/05,271.0,,,2481.0
Three Ships,2.84,2023/08,2023/09,992.0,3813.0,,2481.0
Tia Lupita,4.25,2023/03,2023/04,201.0,1055.0,-0.15,272.0
Tia Lupita,-0.6,2023/04,2023/05,1055.0,427.0,0.09,272.0
Tiiga,1.04,2022/02,2022/03,23.0,47.0,-0.28,88.0
Tiiga,2.27,2022/07,2022/08,26.0,85.0,0.19,88.0
Tiiga,-0.53,2022/08,2022/09,85.0,40.0,0.43,88.0
Tiiga,0.52,2023/12,2024/01,48.0,73.0,2.52,88.0
Tiiga,1.44,2024/01,2024/02,73.0,178.0,-0.06,88.0
Toad&Co,1.17,2022/02,2022/03,3110.0,6746.0,0.44,7623.0
Toad&Co,,2024/01,2024/02,3136.0,,,7623.0
Tomorrows Laundry,-0.72,2022/03,2022/04,123.0,35.0,0.13,299.0
Tomorrows Laundry,2.8,2022/04,2022/05,35.0,133.0,-0.12,299.0
Tomorrows Laundry,0.78,2023/01,2023/02,135.0,240.0,0.02,299.0
Tomorrows Laundry,1.19,2023/02,2023/03,240.0,526.0,0.03,299.0
Tomorrows Laundry,,2024/01,2024/02,135.0,,,299.0
Tower 28 Beauty,0.93,2022/05,2022/06,2787.0,5384.0,0.42,6929.0
Tower 28 Beauty,0.93,2022/08,2022/09,3134.0,6035.0,-0.16,6929.0
TriLASTIN,0.64,2022/12,2023/01,729.0,1199.0,2.1,1100.0
True Botanicals,0.56,2023/01,2023/02,7933.0,12351.0,-0.13,12782.0
True Botanicals,0.69,2023/08,2023/09,7275.0,12314.0,0.04,12782.0
True Botanicals,0.57,2024/02,2024/03,20691.0,32525.0,-0.34,12782.0
True Classic,0.59,2022/04,2022/05,138283.0,220296.0,-0.05,156218.0
True Made Foods,0.84,2023/06,2023/07,175.0,322.0,-0.13,114.0
True Made Foods,-0.51,2023/07,2023/08,322.0,159.0,0.06,114.0
Trust Fund Beauty,0.59,2023/02,2023/03,34.0,54.0,-0.38,45.0
Trust Fund Beauty,-0.65,2024/01,2024/02,43.0,15.0,0.55,45.0
TULA Skincare Dev,,2022/02,2022/03,3.0,,,4.0
TULA Skincare Dev,,2022/08,2022/09,5.0,,,4.0
TULA Skincare Dev,,2022/12,2023/01,1.0,,,4.0
TULA Skincare Dev,,2023/06,2023/07,3.0,,,4.0
TULA Skincare Dev,,2023/12,2024/01,3.0,,,4.0
TULA Skincare Dev,,2024/02,2024/03,11.0,,,4.0
Tushbaby,0.69,2022/02,2022/03,1760.0,2983.0,0.01,7751.0
Tushbaby,1.72,2022/05,2022/06,3710.0,10097.0,-0.3,7751.0
TUSOL Wellness,0.91,2022/12,2023/01,279.0,534.0,0.34,502.0
TUSOL Wellness,0.72,2023/03,2023/04,444.0,762.0,-0.16,502.0
ujji,0.56,2023/08,2023/09,18.0,28.0,-0.3,36.0
Uncharted Coffee Supply,,2022/08,2022/09,1.0,,,13.0
Uncharted Coffee Supply,-0.54,2024/02,2024/03,26.0,12.0,,13.0
Unhide,1.49,2022/08,2022/09,959.0,2388.0,0.36,4387.0
UNTUCKit STAGING,,2022/01,2022/02,13.0,,,24.0
UNTUCKit STAGING,,2022/03,2022/04,1.0,,,24.0
UNTUCKit STAGING,0.81,2023/08,2023/09,31.0,56.0,0.18,24.0
UPSAINT,0.53,2022/09,2022/10,107.0,164.0,-0.69,135.0
UPSAINT,0.58,2022/12,2023/01,95.0,150.0,-0.24,135.0
UPSAINT,-0.81,2023/05,2023/06,423.0,80.0,0.29,135.0
UPSAINT,-0.69,2023/09,2023/10,48.0,15.0,0.53,135.0
UPSAINT,,2024/02,2024/03,1.0,,,135.0
Ursa Major,1.0,2022/12,2023/01,10846.0,21655.0,0.07,14667.0
Vacation®,0.89,2022/01,2022/02,1675.0,3167.0,0.25,4782.0
Vacation®,1.69,2023/04,2023/05,4296.0,11544.0,0.26,4782.0
Vacation®,-0.61,2023/07,2023/08,7518.0,2906.0,0.06,4782.0
Vacation®,3.11,2024/02,2024/03,3069.0,12602.0,0.52,4782.0
Vegamour Test,2.93,2022/01,2022/02,14.0,55.0,,12.0
Vegamour Test,0.76,2022/02,2022/03,55.0,97.0,,12.0
Vegamour Test,-0.81,2022/03,2022/04,97.0,18.0,,12.0
Vegamour Test,,2022/12,2023/01,1.0,,,12.0
Vegamour Test,,2023/03,2023/04,1.0,,,12.0
Vegamour Test,,2023/07,2023/08,1.0,,,12.0
Veil,0.53,2022/09,2022/10,32.0,49.0,-0.45,43.0
Verdant Lyfe,0.67,2022/04,2022/05,257.0,428.0,0.04,411.0
vitruvi,0.69,2022/02,2022/03,2332.0,3939.0,0.06,2824.0
Waterboy,-0.53,2022/01,2022/02,8600.0,4064.0,0.05,6309.0
Waterboy,-0.76,2024/01,2024/02,8240.0,1982.0,0.05,6309.0
Waterboy,,2024/02,2024/03,1982.0,,,6309.0
Wellgrove Health,105.29,2022/06,2022/07,21.0,2232.0,0.14,104.0
Wellgrove Health,,2024/02,2024/03,5.0,,,104.0
West & Willow,0.51,2022/07,2022/08,3594.0,5418.0,-0.01,10892.0
Why and Whale,0.67,2022/02,2022/03,211.0,352.0,0.06,557.0
Why and Whale,1.35,2022/07,2022/08,145.0,341.0,0.01,557.0
Why and Whale,1.18,2022/08,2022/09,341.0,742.0,0.37,557.0
Wild Cosmetics,,2022/01,2022/02,54.0,,,4333.0
Wild Cosmetics,,2022/03,2022/04,1.0,,,4333.0
Wild Cosmetics,43.76,2022/09,2022/10,29.0,1298.0,0.02,4333.0
Wild Rye,1.49,2022/02,2022/03,146.0,363.0,0.19,597.0
Wild Rye,1.09,2023/04,2023/05,761.0,1592.0,0.24,597.0
Wild Rye,-0.56,2023/05,2023/06,1592.0,708.0,0.04,597.0
Wild Rye,1.27,2024/02,2024/03,214.0,485.0,0.19,597.0
Wildfang,0.81,2023/03,2023/04,4588.0,8326.0,0.29,5942.0
wildwonder,0.69,2022/02,2022/03,194.0,327.0,-0.11,1517.0
wildwonder,0.54,2022/03,2022/04,327.0,502.0,-0.26,1517.0
wildwonder,9.41,2022/12,2023/01,568.0,5912.0,-0.6,1517.0
wildwonder,4.37,2024/02,2024/03,1588.0,8527.0,-0.11,1517.0
Willa's,0.89,2023/06,2023/07,167.0,315.0,0.13,207.0
Willow Pumps,0.62,2022/03,2022/04,9998.0,16159.0,0.0,10995.0
Winky Lux,3.28,2022/02,2022/03,1637.0,7003.0,0.97,2415.0
Winky Lux,0.97,2023/02,2023/03,1360.0,2682.0,3.28,2415.0
WithCo Cocktails,1.05,2024/02,2024/03,135.0,277.0,-0.09,440.0
Womaness,0.67,2022/01,2022/02,1451.0,2429.0,-0.19,3705.0
Womaness,0.67,2022/02,2022/03,2429.0,4061.0,-0.08,3705.0
Womaness,0.65,2022/12,2023/01,2803.0,4627.0,-0.48,3705.0
Womaness,0.57,2023/09,2023/10,3210.0,5037.0,-0.06,3705.0
Wondery,4.78,2022/06,2022/07,1187.0,6861.0,-0.1,4463.0
Wondery,0.97,2023/03,2023/04,3501.0,6912.0,-0.28,4463.0
Wondery,0.55,2023/08,2023/09,5602.0,8693.0,-0.45,4463.0
Wondery,0.96,2024/01,2024/02,1919.0,3770.0,-0.01,4463.0
WP Standard,1.27,2023/02,2023/03,408.0,925.0,0.12,480.0
WP Standard,,2024/01,2024/02,337.0,,,480.0
Yana Sleep,1.94,2022/01,2022/02,310.0,912.0,-0.03,356.0
Yana Sleep,1.21,2023/07,2023/08,320.0,708.0,-0.17,356.0
Yana Sleep,-0.54,2024/01,2024/02,337.0,155.0,-0.03,356.0
Yana Sleep,1.03,2024/02,2024/03,155.0,315.0,-0.25,356.0
Yolélé,1.09,2022/07,2022/08,74.0,155.0,0.02,94.0
Yolélé,0.56,2023/08,2023/09,61.0,95.0,-0.32,94.0
Zac's Sweet Shop,2.48,2022/01,2022/02,46.0,160.0,1.89,124.0
Zac's Sweet Shop,1.53,2022/05,2022/06,47.0,119.0,-0.25,124.0
Zac's Sweet Shop,0.7,2022/09,2022/10,50.0,85.0,0.03,124.0
Zac's Sweet Shop,1.89,2023/01,2023/02,70.0,202.0,2.48,124.0
Zac's Sweet Shop,0.97,2023/04,2023/05,74.0,146.0,-0.13,124.0
Zac's Sweet Shop,,2024/02,2024/03,171.0,,,124.0
Zend Coffee,,2022/12,2023/01,3.0,,,87.0
Zend Coffee,0.82,2023/06,2023/07,66.0,120.0,,87.0
Zend Coffee,0.82,2023/09,2023/10,109.0,198.0,,87.0
Zend Coffee,,2024/01,2024/02,97.0,,,87.0
Zensah,-0.89,2024/01,2024/02,1446.0,158.0,-0.09,1237.0
Zensah,,2024/02,2024/03,158.0,,,1237.0
ZOA Energy,0.72,2022/07,2022/08,2605.0,4479.0,-0.41,3106.0
ZOA Energy,0.89,2023/06,2023/07,2040.0,3860.0,-0.15,3106.0
